Parit,Teur_parit,Quantity,price_parit,Size,Shelf_Number,Teur_order,CategoryID,Related,ExpDate,incomeQuantity,DateStartStatistic
000000000002000024,מושב לאסלה,12,54.27,יח,2,מושב לאסלה,1,,,11,9/19/2019
000000000002000035,חולצה עבודה פשוטה,30,37.15,יח,1,חולצה עבודה פשוטה,32,,,10,9/19/2019
000000000002000042,ניאגרה,4,265.23,יח,2,ניאגרה,1,,,2,9/19/2019
000000000002000044,פנקס לכרטיס ביקור,0,4.32,יח,13,פנקס לכרטיס ביקור,1,,,1,9/19/2019
000000000002000056,מספריים משרדיות,60,1.48,יחידה,12,מספריים משרדיות,1,,,,
000000000002000057,גומיות משרדיות,0,2.1,חב,15,גומיות משרדיות,19,,,67,9/19/2019
000000000002000060,לחצן מתקפל 25/41 ממ שחור מחיר לבודד,16,7.91,יח,13,לחצן מתקפל 25/41 ממ שחור מחיר לבודד,19,,,,
000000000002000063,דיו לחותמות,0,18.67,יח,12,דיו לחותמות,19,,,3,9/19/2019
000000000002000064,חוט הדלייה,8,94,גליל,19,חוט הדלייה,1,,,0,9/19/2019
000000000002000070,ערכת עזרה ראשונה,7,216.33,יח,25,ערכת עזרה ראשונה,1,,,,
000000000002000072,סל אשפה 25 ליטר,0,32.84,יח,25,סל אשפה 25 ליטר,1,,,0,9/19/2019
000000000002000073,נייר טישו,573,2.25,חב,11,נייר טישו,1,,,345,9/19/2019
000000000002000075,מפיות נייר,113,5.07,חב,25,מפיות נייר,21,,,155,9/19/2019
000000000002000077,נייר מושב לאסלה,78,14.04,חב,25,נייר מושב לאסלה,1,,,,
000000000002000081,"מגב 40 ס""מ",45,11.74,יח,25,"מגב 40 ס""מ",1,,,37,9/19/2019
000000000002000083,מטאטא משרדי,13,9.98,יח,25,מטאטא משרדי,21,,,5,9/19/2019
000000000002000084,יעה,36,6.8,יח,25,יעה,21,,,69,9/19/2019
000000000002000091,מטהר אויר ריחני - ספריי,30,9.36,יח,25,מטהר אויר ריחני - ספריי,21,,,68,9/19/2019
000000000002000097,נייר טואלט,43,38.76,חב,25,נייר טואלט,1,,,114,9/19/2019
000000000002000101,טוש עבה אדום/ירוק/כחול,0,1.86,יח,12,טוש עבה אדום/ירוק/כחול,19,,,135,9/19/2019
000000000002000102,חומר ניקוי למסך,0,29.22,יח,13,חומר ניקוי למסך,1,,,10,9/19/2019
000000000002000105,נוזל לניקוי שמשות,34,6.97,יח,25,נוזל לניקוי שמשות,1,,,41,9/19/2019
000000000002000106,נוזל לניקוי רצפות,21,15.6,יח,25,נוזל לניקוי רצפות,1,,,45,9/19/2019
000000000002000110,עטים (כל הסוגים) לציין צבע ו0.5-0.7 וכו.,3128,2.45,יחידה,13,עטים (כל הסוגים) לציין צבע ו0.5-0.7 וכו.,1,,,,
000000000002000121,טבליות למדיח כלים,29,38.51,יח,25,טבליות למדיח כלים,21,,,38,9/19/2019
000000000002000125,סבון נוזלי,0,26.44,יח,25,סבון נוזלי,1,,,76,9/19/2019
000000000002000126,סבון רחצה,25,3.3,יח,8,סבון רחצה,1,,,50,9/19/2019
000000000002000135,מנורת שולחן,3,70.81,יח,18,מנורת שולחן,1,,,,
000000000002000142,קומקום חשמלי,5,89.68,יח,18,קומקום חשמלי,1,,,4,9/19/2019
000000000002000158,דלי 3 ליטר כולל מכסה,0,4.56,יחידה,25,דלי 3 ליטר כולל מכסה,1,,,,
000000000002000159,מטלית ניקוי / סחבה לבנה,655,1.3,יח,25,מטלית ניקוי / סחבה לבנה,21,,,255,9/19/2019
000000000002000169,סקוטש / כרית ניקוי/ברזלית,1058,1.19,יח,25,סקוטש / כרית ניקוי/ברזלית,21,,,,
000000000002000175,פלסטר -אגד מדבק ביחידה,743,0.17,יחידה,1,פלסטר -אגד מדבק ביחידה,1,,,,
000000000002000179,תיק הגשה שקוף צבעוני,0,0.5,יח,13,תיק הגשה שקוף צבעוני,1,,,847,9/19/2019
000000000002000210,תקליטור DVD,0,16.66,יח,12,תקליטור DVD,1,,,0,9/19/2019
000000000002000225,רמקול למחשב,7,64.9,יח,11,רמקול למחשב,1,,,0,9/19/2019
000000000002000226,סרט בידוד - איזולירבנד,118,2.26,יח,18,סרט בידוד - איזולירבנד,1,,,184,9/19/2019
000000000002000229,נורה ליבון 60W,3,2.22,יח,18,נורה ליבון 60W,1,,,87,9/19/2019
000000000002000231,עכבר חוטי למחשב,0,30.68,יח,12,עכבר חוטי למחשב,1,,,48,9/19/2019
000000000002000233,מקלדת חוטית למחשב,0,70.2,יח,12,מקלדת חוטית למחשב,27,,,3,9/19/2019
000000000002000238,תקליטור CD,0,17.22,יח,12,תקליטור CD,1,,,0,9/19/2019
000000000002000241,פח אשפה 50 ליטר,29,44.06,יח,25,פח אשפה 50 ליטר,1,,,26,9/19/2019
000000000002000258,כוס חד פעמית ליין,179,2.24,יח,14,כוס חד פעמית ליין,24,,,110,9/19/2019
000000000002000260,כבל רשת,11,9.44,יח,11,כבל רשת,27,,,18,9/19/2019
000000000002000265,מגבונים לחים,222,2.48,יח,11,מגבונים לחים,21,,,493,9/19/2019
000000000002000282,צמר-גפן,211,4.61,יח,11,צמר-גפן,1,,,156,9/19/2019
000000000002000284,שטיחון לדלת  מחצלת,14,27.14,יח,25,שטיחון לדלת  מחצלת,1,,,0,9/19/2019
000000000002000327,סכין אכילה,6,9.91,יח,15,סכין אכילה,1,,,,
000000000002000332,מפת שולחן,0,66.05,יח,25,מפת שולחן,1,,,4,9/19/2019
000000000002000342,מחק,415,1.13,יח,13,מחק,19,,,912,9/19/2019
000000000002000361,רדיד אלומניום דק קטן,94,9.69,יח,8,רדיד אלומניום דק קטן,1,,,296,9/19/2019
000000000002000362,מטר - סרט מדידה 5 מ,20,10.58,יח,25,מטר - סרט מדידה 5 מ,30,,,23,9/19/2019
000000000002000363,מלכודת  עכברים   מנהרה,0,18.59,יח,3,מלכודת  עכברים   מנהרה,1,,,0,9/19/2019
000000000002000365,סרט אריזה שקוף,70,6.27,יח,13,סרט אריזה שקוף,19,,,,
000000000002000367,מכשיר לאריזה,0,9.03,יח,1,מכשיר לאריזה,1,,,3,9/19/2019
000000000002000369,ניילון נצמד קטן,46,4.01,יח,8,ניילון נצמד קטן,1,,,91,9/19/2019
000000000002000371,כוס חד פעמית לשתיה חמה,0,8.19,יח,14,כוס חד פעמית לשתיה חמה,33,,,1511,9/19/2019
000000000002000372,כוס חד פעמית לשתיה קרה,0,7.02,יח,14,כוס חד פעמית לשתיה קרה,33,,,956,9/19/2019
000000000002000381,כפית חד פעמית,0,3.25,יח,14,כפית חד פעמית,33,,,386,9/19/2019
000000000002000382,כף חד פעמית,0,4.91,יח,14,כף חד פעמית,33,,,0,9/19/2019
000000000002000383,מזלג חד פעמי,0,5.02,יח,14,מזלג חד פעמי,33,,,163,9/19/2019
000000000002000384,סכין חד פעמית,290,3.64,יח,14,סכין חד פעמית,1,,,11,9/19/2019
000000000002000386,שדכן קטן,0,7.3,יח,15,שדכן קטן,1,,,0,9/19/2019
000000000002000389,צלחת חד פעמית קטנה/גדולה,0,3.68,יח,14,צלחת חד פעמית קטנה/גדולה,1,,,417,9/19/2019
000000000002000393,מרקיה חד פעמית,0,2.46,חבילה,14,מרקיה חד פעמית,25,,,180,9/19/2019
000000000002000409,סרט דיו למכונת חיוב,11,1.33,יח,15,סרט דיו למכונת חיוב,1,,,21,9/19/2019
000000000002000442,מתקן לנייר גלילי,1,84.24,יח,1,מתקן לנייר גלילי,1,,,5,9/19/2019
000000000002000443,מתקן לסבון נוזלי,0,28.4,יח,1,מתקן לסבון נוזלי,1,,,2,9/19/2019
000000000002000458,חלב עמיד,231,9.2,יח,15,חלב עמיד,25,,,135,9/19/2019
000000000002000459,סוכר לבן 1 קג.,200,6.32,יחידה,15,סוכר לבן 1 קג.,1,,,,
000000000002000460,סוכרזית,18,17.34,יח,14,סוכרזית,25,,,,
000000000002000461,תקע חשמלי,64,2.33,יח,17,תקע חשמלי,1,,,32,9/19/2019
000000000002000463,סטרטר לפלורסנט 36W/טורי,276,1.83,יח,17,סטרטר לפלורסנט 36W/טורי,1,,,114,9/19/2019
000000000002000464,כבל מאריך חשמלי 5 מ,11,25.96,יח,17,כבל מאריך חשמלי 5 מ,22,,,12,9/19/2019
000000000002000465,מפצל חשמל 2 שקעים/3 שקעים,15,7.43,יח,17,מפצל חשמל 2 שקעים/3 שקעים,22,,,28,9/19/2019
000000000002000471,גליל נייר למכונת חישוב,0,0.93,יח,15,גליל נייר למכונת חישוב,19,,,0,9/19/2019
000000000002000496,מברשת פלדה,2,13.87,יח,2,מברשת פלדה,30,,,8,9/19/2019
000000000002000515,מנעול צילינדר לדלת עץ,24,26.66,יח,2,מנעול צילינדר לדלת עץ,1,,,29,9/19/2019
000000000002000522,קורא כרטיסים חכם,48,64.56,יח,11,קורא כרטיסים חכם,1,,,50,9/19/2019
000000000002000533,צבע אנטירוסט אפור גלון 5 ליטר,0,84.24,יחידה,2,צבע אנטירוסט אפור גלון 5 ליטר,1,,,2,9/19/2019
000000000002000537,צילינדר לדלת,28,42.87,יח,2,צילינדר לדלת,1,,,13,9/19/2019
000000000002000538,דיבל,20,4.72,יח,17,דיבל,30,,,80,9/19/2019
000000000002000594,מתקן מעמד לסלוטייפ  מסקינטייפ שולחני,0,4.11,יחידה,12,מתקן מעמד לסלוטייפ  מסקינטייפ שולחני,1,,,,
000000000002000613,מילוי ליומן,12,6.23,יח,13,מילוי ליומן,19,,,12,9/19/2019
000000000002000700,מאוורר שולחן,0,205.32,יח,21,מאוורר שולחן,1,,,0,9/19/2019
000000000002000702,מפזר חום,0,65.02,יח,17,מפזר חום,1,,,0,9/19/2019
000000000002000708,תנור חימום חשמלי,4,123.31,יח,17,תנור חימום חשמלי,1,,,19,9/19/2019
000000000002000813,מהדק חשמל מס 1 (מחיר לשורה 12 יח),22,2.06,יח,18,מהדק חשמל מס 1 (מחיר לשורה 12 יח),22,,,250,9/19/2019
000000000002000815,מפסק טוגל,6,9.63,יח,17,מפסק טוגל,22,,,35,9/19/2019
000000000002000833,מגנט  10-40,59,9.74,יח,11,מגנט  10-40,24,,,119,9/19/2019
000000000002000835,מגש למזון,72,16.4,יח,2,מגש למזון,1,,,9,9/19/2019
000000000002000851,מזמרה רגילה,27,33.38,יח,10,מזמרה רגילה,31,,,57,9/19/2019
000000000002000858,מחט רפואית,42,10.06,חב,9,מחט רפואית,24,,,78,9/19/2019
000000000002000864,מחשב להפעלה חקלאית,0,669.09,יח,19,מחשב להפעלה חקלאית,31,,,2,9/19/2019
000000000002000865,מטחנת קפה,5,261.17,יח,2,מטחנת קפה,24,,,0,9/19/2019
000000000002001111,אזיקונים -100/200/300,27,8.37,חבילה,3,אזיקונים -100/200/300,1,,,24,9/19/2019
000000000002001113,אזיקונים לקשירה 50 סמ,0,31.92,יח,3,אזיקונים לקשירה 50 סמ,1,,,19,9/19/2019
000000000002001133,חוט אריזה פשתן דק 2500/2,26,5.56,גלי,19,חוט אריזה פשתן דק 2500/2,1,,,92,9/19/2019
000000000002001176,גריז בשפורפרת,7,35.4,יח,8,גריז בשפורפרת,1,,,7,9/19/2019
000000000002001272,קליפסים לבנדים,196,1.58,יח,19,קליפסים לבנדים,1,,,312,9/19/2019
000000000002001287,שקיות ניילון LD,177,16.88,חב,10,שקיות ניילון LD,1,,,235,9/19/2019
000000000002001308,ט:1220-מעטפות לבנות 11/22,0,10,יח,15,ט:1220-מעטפות לבנות 11/22,19,,,13,9/19/2019
000000000002001309,ט:1230-מעטפות 11.4/16.2,0,10,יח,15,ט:1230-מעטפות 11.4/16.2,19,,,0,9/19/2019
000000000002001310,ט:1235-מעטפות דואר אויר 11/22,0,1,יח,15,ט:1235-מעטפות דואר אויר 11/22,19,,,0,9/19/2019
000000000002001363,ט:2420 - אישור יציאה בתפקיד,19,5.5,יח,13,ט:2420 - אישור יציאה בתפקיד,19,,,19,9/19/2019
000000000002001366,ט:2450-בקשה לחופשה/הודעה על העדרות,67,2.5,יח,13,ט:2450-בקשה לחופשה/הודעה על העדרות,19,,,67,9/19/2019
000000000002001454,ט:4320-ספר קופה הוצאות דמי מחזור,7,35,יח,13,ט:4320-ספר קופה הוצאות דמי מחזור,19,,,7,9/19/2019
000000000002001458,ט:4540-הוראת תשלום מקופה קטנה,17,11.5,יח,14,ט:4540-הוראת תשלום מקופה קטנה,19,,,12,9/19/2019
000000000002001527,אטם גומי  1 צול  צול  וחצי  שני צול,31,2.22,חבילה,19,אטם גומי  1 צול  צול  וחצי  שני צול,1,,,,
000000000002001537,מלח למדיח כלים,5,14.16,יח,25,מלח למדיח כלים,21,,,25,9/19/2019
000000000002001545,בורג סיבית ,0,11.23,חבילה,0,בורג סיבית ,1,,,,
000000000002001553,משור גבהים כולל סטופר,6,135.08,יח,10,משור גבהים כולל סטופר,30,,,5,9/19/2019
000000000002001554,מסוריות,26,6.83,יח,2,מסוריות,30,,,40,9/19/2019
000000000002001558,מסמר,4,4.68,יח,19,מסמר,30,,,8,9/19/2019
000000000002001563,מסננת לכיור,0,5.68,יח,25,מסננת לכיור,1,,,0,9/19/2019
000000000002001565,מספריים טכניות,62,18.16,יח,15,מספריים טכניות,30,,,74,9/19/2019
000000000002001572,גלגלת לצינור גן,1,80.45,יח,10,גלגלת לצינור גן,23,,,5,9/19/2019
000000000002001578,גליל מפה מבד,1,15.37,יח,25,גליל מפה מבד,25,,,,
000000000002001581,דיסק  חיתוך 4.5 אינטש,137,4.61,יח,2,דיסק  חיתוך 4.5 אינטש,30,,,177,9/19/2019
000000000002001587,ווסת לחץ,9,48.82,יח,19,ווסת לחץ,23,,,20,9/19/2019
000000000002001604,מרסס ידני/מכני 2 ליטר,13,16.52,יח,10,מרסס ידני/מכני 2 ליטר,31,,,23,9/19/2019
000000000002001614,מתאם רשת,2,68.44,יח,11,מתאם רשת,27,,,,
000000000002001616,חומר איטום,0,6.1,יח,2,חומר איטום,1,,,18,9/19/2019
000000000002001619,חומר הדברה,1,70.8,יח,0,חומר הדברה,29,,,1,9/19/2019
000000000002001647,ידית לכלי עבודה (עץ),13,13.25,יח,21,ידית לכלי עבודה (עץ),30,,,43,9/19/2019
000000000002001651,כד נוזלים,0,37.05,יח,7,כד נוזלים,24,,,24,9/19/2019
000000000002001662,סיפון,18,15.31,יח,19,סיפון,1,,,5,9/19/2019
000000000002001665,סט סכיניי מטבח,0,9.82,יח,15,סט סכיניי מטבח,1,,,46,9/19/2019
000000000002001671,סלסלה,0,45.63,יח,0,סלסלה,1,,,16,9/19/2019
000000000002001673,ברזלית - ננס,360,1.73,יח,25,ברזלית - ננס,21,,,,
000000000002001687,פטיש 1 קג או 2 קג,7,29.35,יח,19,"פטיש 1 ק""ג או 2 ק""ג",1,,,12,9/19/2019
000000000002001696,פלייר / קטר,12,43.32,יח,25,פלייר / קטר,1,,,0,9/19/2019
000000000002001712,קופסת חשמל,6,7.45,יח,18,קופסת חשמל,1,,,26,9/19/2019
000000000002001724,רולר גדול,2,40.12,יח,2,רולר גדול,1,,,12,9/19/2019
000000000002001739,שק רשת 50/80 - 35/50 - 39/56,936,1.28,יח,25,שק רשת 50/80 - 35/50 - 39/56,1,,,660,9/19/2019
000000000002001773,הרחבת זכרון למחשב נייד,0,223.57,יח,15,הרחבת זכרון למחשב נייד,27,,,7,9/19/2019
000000000002001985,צבע ספריי,83,9.34,יח,1,צבע ספריי,1,,,114,9/19/2019
000000000002002093,נייר זכוכית/בד שמיר,97,1.59,יח,19,נייר זכוכית/בד שמיר,1,,,0,9/19/2019
000000000002002094,צירים לדלת,29,5.92,יח,1,צירים לדלת,1,,,65,9/19/2019
000000000002002121,ספריי לחץ אוויר,0,23.6,יח,11,ספריי לחץ אוויר,27,,,0,9/19/2019
000000000002002155,מפסקי בגול למזגן,3,321.72,יח,17,מפסקי בגול למזגן,22,,,6,9/19/2019
000000000002002249,מגפיים,53,35.35,זוג,4,מגפיים,32,,,29,9/19/2019
000000000002002263,חליפת גשם,46,46.56,יח,3,חליפת גשם,32,,,6,9/19/2019
000000000002002268,כפפות לחום,0,21.79,זוג,2,כפפות לחום,30,,,21,9/19/2019
000000000002002280,כפפות סיגנט/כפפות עבודה עבות,92,2.93,יח,19,כפפות סיגנט/כפפות עבודה עבות,30,,,374,9/19/2019
000000000002002290,מפתח צינורות 18,0,146.64,יח,25,"מפתח צינורות 18""",23,,,,
000000000002002298,קליבר דיגיטלי,1,156.78,יחידה,15,קליבר דיגיטלי,1,,,,
000000000002002300,מברג בדיקה חשמלי,10,14.09,יח,25,מברג בדיקה חשמלי,30,,,12,9/19/2019
000000000002002316,מזמרה מקצועית,1,111.44,יח,25,מזמרה מקצועית,31,,,17,9/19/2019
000000000002002318,מגרפת עשב כחולה עם מקל,3,37.32,יחידה,21,מגרפת עשב כחולה עם מקל,30,,,0,9/19/2019
000000000002002354,אקדח לסיליקון,5,21.56,יח,2,אקדח לסיליקון,30,,,7,9/19/2019
000000000002002355,קלשון קש,0,151.04,יחידה,21,קלשון קש,30,,,,
000000000002002356,מעדר,6,20.42,יח,10,מעדר,30,,,3,9/19/2019
000000000002002357,את חפירה,12,44.67,יח,21,את חפירה,30,,,9,9/19/2019
000000000002002358,טוריה,5,30.3,יח,10,טוריה,30,,,5,9/19/2019
000000000002002359,"מפתח צינורות ""14",4,173.7,יח,25,"מפתח צינורות ""14",30,,,3,9/19/2019
000000000002002360,ביט למברגה פיליפס,92,5.75,יחידה,26,ביט למברגה פיליפס,30,,,,
000000000002002367,מטען לסולות נטענות,0,80.73,יח,11,מטען לסולות נטענות,19,,,9,9/19/2019
000000000002002472,מסכה נשמית חד פעמית עם פילטר פחם פעיל,0,6.61,יחידה,9,מסכה נשמית חד פעמית עם פילטר פחם פעיל,1,,,,
000000000002002474,משקפי מגן,12,21.24,יח,9,משקפי מגן,1,,,38,9/19/2019
000000000002002595,מסכת אף לאבק,0,40.95,יח,11,מסכת אף לאבק,1,,,45,9/19/2019
000000000002002667,סגר פלסטיק,92,15.77,יח,11,סגר פלסטיק,1,,,212,9/19/2019
000000000002002742,מדבקות לחיזוק חורים,0,1.28,חב,15,מדבקות לחיזוק חורים,19,,,4,9/19/2019
000000000002002746,מנעול תליה גדול,3,44.84,יח,2,מנעול תליה גדול,1,,,12,9/19/2019
000000000002002749,מצוף,6,23.94,יח,19,מצוף,1,,,15,9/19/2019
000000000002002762,תיק עם גומי גב 2.5,0,0.98,יח,13,תיק עם גומי גב 2.5,1,,,70,9/19/2019
000000000002002939,מכשיר טלפון,0,80.73,יח,15,מכשיר טלפון,19,,,0,9/19/2019
000000000002002947,מחבר מהיר לצינור גן,219,2.49,יח,20,מחבר מהיר לצינור גן,23,,,172,9/19/2019
000000000002003052,כף שתילה,3,38.28,יח,10,כף שתילה,30,,,34,9/19/2019
000000000002003062,כובע קש,0,19.82,יח,1,כובע קש,32,,,,
000000000002003083,אטמי אוזניים,168,2.05,יח,1,אטמי אוזניים,1,,,135,9/19/2019
000000000002003112,דקר,13,13.19,יח,10,דקר,23,,,1,9/19/2019
000000000002003113,אוזניות מגן נגד רעש,0,129.8,יח,2,אוזניות מגן נגד רעש,1,,,4,9/19/2019
000000000002003114,אוזניות למחשב+מקרופון,6,118,יח,11,אוזניות למחשב+מקרופון,27,,,15,9/19/2019
000000000002003120,הרחבת זכרון למחשב נייח,0,69.86,יח,15,הרחבת זכרון למחשב נייח,27,,,8,9/19/2019
000000000002003481,שקף לכריכה ,0,17.84,חב,12,שקף לכריכה ,1,,,16,9/19/2019
000000000002003630,סט מקלדת+עכבר אלחוטיים,19,115.64,יח,12,סט מקלדת+עכבר אלחוטיים,27,,,0,9/19/2019
000000000002003706,מעטפה גודל 18X25 (A5),47,16.1,חב,15,מעטפה גודל 18X25 (A5),19,,,27,9/19/2019
000000000002003710,מעטפה גודל 24X34    A4,0,11.75,יח,15,מעטפה גודל 24X34    A4,19,,,81,9/19/2019
000000000002003713,מעטפה גודל 32X42  A3,0,460,חב,0,מעטפה גודל 32X42  A3,19,,,10,9/19/2019
000000000002003753,מעמד אחסון לשולחן,0,3.28,יח,13,מעמד אחסון לשולחן,19,,,48,9/19/2019
000000000002003790,מיכל קלקר 5 ליטר,3,19.94,יח,25,מיכל קלקר 5 ליטר,1,,,7,9/19/2019
000000000002003853,מכחול,0,1.52,יח,15,מכחול,19,,,1,9/19/2019
000000000002004143,מזוזה,3,94.32,יח,15,מזוזה,1,,,6,9/19/2019
000000000002004215,עטיפה לתקליטור,0,0.27,יח,13,עטיפה לתקליטור,1,,,37850,9/19/2019
000000000002004236,שעון שבת ללוח חשמל,19,143.55,יח,17,שעון שבת ללוח חשמל,1,,,22,9/19/2019
000000000002004243,אקונומיקה 4 ליטר,4,6.7,יח,25,אקונומיקה 4 ליטר,21,,,117,9/19/2019
000000000002004246,שיפודי עץ,56,4.54,יח,2,שיפודי עץ,1,,,58,9/19/2019
000000000002004272,שעון עצר דיגיטלי,16,45.43,יח,15,שעון עצר דיגיטלי,1,,,16,9/19/2019
000000000002004273,נייר פרפילם,49,76.57,חב,4,נייר פרפילם,1,,,28,9/19/2019
000000000002004299,מצית לגז,22,7.22,יח,15,מצית לגז,1,,,31,9/19/2019
000000000002004307,נייר תעשייתי בגליל,64,64.9,יח,25,נייר תעשייתי בגליל,1,,,0,9/19/2019
000000000002004356,לוח פוליגל,168,8.58,יח,3,לוח פוליגל,19,,,179,9/19/2019
000000000002004426,לוח לחצן,0,4.73,יח,12,לוח לחצן,19,,,0,9/19/2019
000000000002004430,"כפפות ניטריל שחורות (L,XL)",184,12.89,חבילה,4,"כפפות ניטריל שחורות (L,XL)",1,,,,
000000000002004432,מברשת אסלה,36,17.9,יח,25,מברשת אסלה,1,,,32,9/19/2019
000000000002004440,פלייר פטנט,3,69.27,יח,25,פלייר פטנט,1,,,7,9/19/2019
000000000002004446,פלייר אף ארוך פטנט 6 מכופף SIGNET,4,55.29,יח,25,"פלייר אף ארוך פטנט ""6 מכופף SIGNET",1,,,3,9/19/2019
000000000002004471,גוף תאורה צמוד תקרה 60X60,6,64.89,יחידה,25,גוף תאורה צמוד תקרה 60X60,22,,,10,9/19/2019
000000000002004473,נוזל כלים,9,7.72,לטר,25,נוזל כלים,1,,,150,9/19/2019
000000000002004492,מצלמה למחשב,6,94.4,יח,11,מצלמה למחשב,1,,,,
000000000002004530,חלוק עבודה,155,38.18,יח,1,חלוק עבודה,32,,,61,9/19/2019
000000000002004563,מפצל USB,9,53.1,יח,11,מפצל USB,27,,,3,9/19/2019
000000000002004572,עכבר אלחוטי,23,57.62,יח,12,עכבר אלחוטי,1,,,35,9/19/2019
000000000002004580,סוללה נטענת,0,34.78,יח,13,סוללה נטענת,1,,,25,9/19/2019
000000000002004597,קרם ידיים,14,12.97,יח,15,קרם ידיים,1,,,107,9/19/2019
000000000002004619,חסכם,27,17.7,יחידה,26,חסכם,23,,,,
000000000002004664,מגן ברקים (אל פסק),23,25.96,יח,18,מגן ברקים (אל פסק),27,,,11,9/19/2019
000000000002004681,דשן כימי,0,121.87,יח,25,דשן כימי,28,,,5,9/19/2019
000000000002004823,צבע פלסטי,6,139.58,יח,2,צבע פלסטי,1,,,4,9/19/2019
000000000002004831,מחזיר דלת,3,123.9,יח,2,מחזיר דלת,1,,,3,9/19/2019
000000000002004846,קרם הגנה נגד שמש,0,34.98,יח,15,קרם הגנה נגד שמש,1,,,35,9/19/2019
000000000002004847,נוזל למדיח כלים,18,11.67,יח,25,נוזל למדיח כלים,1,,,19,9/19/2019
000000000002004858,גפרורים,82,2.6,חבילה,3,גפרורים,1,,,71,9/19/2019
000000000002004860,סנן למתקן מיים,3,8.8,יחידה,10,סנן למתקן מיים,1,,,,
000000000002005064,סליל לחרמש מנועי,0,26.2,יח,10,סליל לחרמש מנועי,1,,,3,9/19/2019
000000000002005093,טרפנטין,10,22.89,יח,24,טרפנטין,1,,,14,9/19/2019
000000000002005104,קטלן חרקים חשמלי 2 מנורות 20W,1,228.92,יחידה,17,קטלן חרקים חשמלי 2 מנורות 20W,22,,,,
000000000002005150,סרט סימון,1024,2.85,יח,4,סרט סימון,1,,,886,9/19/2019
000000000002005602,שלט למצגות,3,165.2,יח,15,שלט למצגות,1,,,,
000000000002005675,מסיר שומנים,27,9.39,יח,25,מסיר שומנים,21,,,25,9/19/2019
000000000002005678,פוליסיד 5 ליטר,0,76.05,יח,2,פוליסיד 5 ליטר,1,,,8,9/19/2019
000000000002005834,מרסס גב חשמלי נטען,1,413,יח,10,מרסס גב חשמלי נטען,31,,,,
000000000002005897,"מחברת ספירלה 72 דף A-4 - משובץ
",0,1.95,יח,12,"מחברת ספירלה 72 דף A-4 - משובץ
",19,,,0,9/19/2019
000000000002005938,קפה שחור טורקי עלית,1293,8.16,יח,14,קפה שחור טורקי עלית,25,,,,
000000000002005939,קפה מגורען  /פלטיניום/ טסטר צוייס,130,31.55,יח,14,קפה מגורען  /פלטיניום/ טסטר צוייס,25,,,,
000000000002006041,"מגב 60 ס""מ",12,14.11,יח,25,"מגב 60 ס""מ",1,,,8,9/19/2019
000000000002006042,מגבת נייר צץ-רץ טישו דו-שכבתי,323,3,יח,25,מגבת נייר צץ-רץ טישו דו-שכבתי,21,,,14,9/19/2019
000000000002006048,מטלית אבק מיקרו פיבר 35X35 סמ,104,1.58,יח,25,מטלית אבק מיקרו פיבר 35X35 סמ,21,,,264,9/19/2019
000000000002006049,מטלית ריצפה מיקרו פייבר 80X60,394,4.21,יח,25,מטלית ריצפה מיקרו פייבר 80X60,21,,,140,9/19/2019
000000000002006054,מקל למגב/מטאטא 1.80 מ עם הברגה,128,4.58,יח,21,מקל למגב/מטאטא 1.80 מ עם הברגה,31,,,128,9/19/2019
000000000002006062,סבון נוזלי עם משאבה,0,10.6,יחידה,22,סבון נוזלי עם משאבה,21,,,,
000000000002006063,ספריי נגד חרקים/מעופפים,10,14.89,יח,15,ספריי נגד חרקים/מעופפים,1,,,19,9/19/2019
000000000002006070,שקיות אשפה 75/90,593,9.05,יח,25,שקיות אשפה 75/90,1,,,899,9/19/2019
000000000002006071,שקיות אשפה  50/70,336,3.79,יח,25,שקיות אשפה  50/70,1,,,565,9/19/2019
000000000002006088,ברז כדורי   2 הברגה פנ' ידית,0,116,יח,21,ברז כדורי   2 הברגה פנ' ידית,23,,,0,9/19/2019
000000000002006099,דיסקית השחזה לברזל 4.1/2,60,8.37,יח,2,דיסקית השחזה לברזל 4.1/2,30,,,40,9/19/2019
000000000002006102,דיסקית חיתוך לברזל 9,17,7.32,יח,2,דיסקית חיתוך לברזל 9,30,,,26,9/19/2019
000000000002006125,נוזל כלים 5 ליטר  24 אחוז חומר פעיל,2,21.3,יחידה,22,נוזל כלים 5 ליטר  24 אחוז חומר פעיל,21,,,,
000000000002006126,טפלון בגליל,124,2.62,יח,19,טפלון בגליל,30,,,237,9/19/2019
000000000002006129,כימבונד דבק אפוקסי שקוף,8,18.06,יח,2,כימבונד דבק אפוקסי שקוף,1,,,29,9/19/2019
000000000002006136,מברג גדול + בנוני,75,21.28,יח,25,מברג גדול + בנוני,30,,,37,9/19/2019
000000000002006137,מברג פיליפס,20,20.87,יח,25,מברג פיליפס,30,,,18,9/19/2019
000000000002006139,מברשת צבע - 4 מונד בלאנק עבה,20,25.96,יח,2,מברשת צבע - 4 מונד בלאנק עבה,30,,,9,9/19/2019
000000000002006140,מברשת צבע 1-מונד בלנק עבה,18,5.79,יח,2,מברשת צבע 1-מונד בלנק עבה,30,,,16,9/19/2019
000000000002006141,"מברשת צבע 1,1/2-מונד בלנק עבה",22,7.46,יח,2,"מברשת צבע 1,1/2-מונד בלנק עבה",30,,,56,9/19/2019
000000000002006143,"מברשת צבע 2,1/2 - מונד בלנק עבה",13,12.39,יח,2,"מברשת צבע 2,1/2 - מונד בלנק עבה",30,,,70,9/19/2019
000000000002006146,מהדק חשמל מס 2 (מחיר לשורה 12 יח),22,3.96,יח,18,מהדק חשמל מס 2 (מחיר לשורה 12 יח),22,,,380,9/19/2019
000000000002006147,מהדק חשמל מס 3 (בודד),11,11.23,יח,18,מהדק חשמל מס 3 (בודד),22,,,84,9/19/2019
000000000002006148,מהדק חשמל מס 4 (בודד),72,0.87,יח,18,מהדק חשמל מס 4 (בודד),22,,,150,9/19/2019
000000000002006152,מנעול תליה קטן,13,26.03,יח,2,מנעול תליה קטן,1,,,30,9/19/2019
000000000002006155,מסיר אבן לקומקום,25,12.1,יח,25,מסיר אבן לקומקום,1,,,21,9/19/2019
000000000002006162,מעבר מים מ-  2  ל-  3/4,7,28.2,יח,21,מעבר מים מ-  2  ל-  3/4,23,,,5,9/19/2019
000000000002006163,מעבר מים מ-  3/4 ל-  1,10,5.31,יח,21,מעבר מים מ-  3/4 ל-  1,23,,,6,9/19/2019
000000000002006165,מעבר מים בושינג 2-1,0,32.06,יח,21,"מעבר מים בושינג 2""-1""",23,,,,
000000000002006215,משורית למשור אנכי (חרב) סט 5 יח,4,87.88,סט,2,משורית למשור אנכי (חרב) סט 5 יח,1,,,,
000000000002006218,משקפי מגן עמידות ב-UV,22,26.61,יח,9,משקפי מגן עמידות ב-UV,1,,,30,9/19/2019
000000000002006219,נורה 2 13W PL פינים צבע לבן,0,11.46,יח,18,נורה 2 13W PL פינים צבע לבן,1,,,0,9/19/2019
000000000002006220,נורה 2 18W PL פינים צבע לבן,0,9.01,יח,18,נורה 2 18W PL פינים צבע לבן,1,,,0,9/19/2019
000000000002006237,נורה פלורוסנט  TF 54W,0,10.47,יח,18,נורה פלורוסנט  TF 54W,1,,,0,9/19/2019
000000000002006249,ניפל   1/2  3 ס  מ,0,0.61,יח,21,ניפל   1/2  3 ס  מ,1,,,30,9/19/2019
000000000002006257,ניפל מתכת 30 סמ,2,9.24,יחידה,21,ניפל מתכת 30 ס'מ,23,,,,
000000000002006267,ניפל מים   3/4  10  ס  מ,0,4.81,יח,0,ניפל מים   3/4  10  ס  מ,1,,,0,9/19/2019
000000000002006270,מנעול מגירה,13,8,יח,2,מנעול מגירה,1,,,20,9/19/2019
000000000002006273,סוללה 9V,141,9,יח,13,סוללה 9V,1,,,0,9/19/2019
000000000002006281,סיליקון שקוף בשפורפרת לאקדח,50,9.2,יח,2,סיליקון שקוף בשפורפרת לאקדח,1,,,42,9/19/2019
000000000002006297,פקק מים 2',8,16.6,יח,21,פקק מים 2',1,,,2,9/19/2019
000000000002006307,שמן נגד חלודה ספריי 400 WD-40,38,22.47,יח,2,שמן נגד חלודה ספריי 400 WD-40,1,,,19,9/19/2019
000000000002006308,שקע כח דיג מודולוקס,36,3.42,יח,17,שקע כח דיג מודולוקס,1,,,89,9/19/2019
000000000002006309,שקע ניסקו N1,30,7.27,יח,17,שקע ניסקו N1,1,,,23,9/19/2019
000000000002006310,שקע ניסקו N4,15,19.34,יח,17,שקע ניסקו N4,1,,,19,9/19/2019
000000000002006312,שקע ניסקו N3,34,14.54,יח,17,שקע ניסקו N3,1,,,20,9/19/2019
000000000002006314,תקע כח 16-A דיג,8,6.41,יח,17,תקע כח 16-A דיג,1,,,7,9/19/2019
000000000002006620,כובע עבודה,42,31.34,יח,1,כובע עבודה,32,,,48,9/19/2019
000000000002006729,מכנסי עבודה,163,42.78,יח,1,מכנסי עבודה,32,,,90,9/19/2019
000000000002007102,חולצה מסננת קרינה באישור חוקר בלבד,11,194.7,יח,2,חולצה מסננת קרינה באישור חוקר בלבד,32,000000000002006729,,222,9/19/2019
000000000002007366,מסנן/פילטר,16,28.11,יח,19,מסנן/פילטר,1,,,11,9/19/2019
000000000002007697,מסכת בד רב פעמי עם לוגו מנהל המחקר,420,7.02,יח,1,מסכת בד רב פעמי עם לוגו מנהל המחקר,1,,,,
000000000002007838,נייר הדפסה A4,224,11.82,חבילה,25,נייר הדפסה A4,1,,,,
000000000002007875,מברשת יד קשה רוחמה 525,27,9.47,יח,25,מברשת יד קשה רוחמה 525,21,,,42,9/19/2019
000000000002008535,צינור 32 דרג 10,0,5.45,מטר,25,צינור 32 דרג 10,1,,,,
000000000002008561,זוית מתכת 1/2-3/4 1 צול,79,5.91,יח,21,זוית מתכת 1/2-3/4 1 צול,23,,,84,9/19/2019
000000000002008563,זוית מתכת  צול וחצי -שני צול,15,20.9,יח,21,זוית מתכת  צול וחצי -שני צול,23,,,15,9/19/2019
000000000002008578,רקורד מגולוון   3/4.,4,22.29,יח,21,רקורד מגולוון   3/4.,1,,,2,9/19/2019
000000000002008579,רקורד מגולוון  1.,0,28.78,יח,21,רקורד מגולוון  1.,1,,,2,9/19/2019
000000000002008581,רקורד מגולוון   2.,5,52.72,יח,21,רקורד מגולוון   2.,1,,,22,9/19/2019
000000000002008587,ממטיר גיחה PGM,8,32.96,יחידה,20,ממטיר גיחה PGM,1,,,,
000000000002008660,משאבת דשן קבועה,2,560.26,יח,1,משאבת דשן קבועה,1,,,2,9/19/2019
000000000002008781,יתד ברזל לטפטפות(100יח),45,23.15,חבילה,21,יתד ברזל לטפטפות(100יח),31,,,2400,9/19/2019
000000000002008806,אוסמוקוט 3 קילו,17,75.09,יח,23,אוסמוקוט 3 קילו,28,,,,
000000000002009897,ברז חשמלי AC,11,56.3,יח,19,ברז חשמלי AC,23,,,1,9/19/2019
000000000002009920,טוף גס שטוף גודל אגרגאט 8-4,0,19.01,יח,25,טוף גס שטוף גודל אגרגאט 8-4,31,,,,
000000000002009923,יריעת פלריג (100מטר) מחיר למטר,1,379.96,גליל,25,יריעת פלריג (100מטר) מחיר למטר,31,,,500,9/19/2019
000000000002010111,חוזרת (מזח) דגם RP-500 פלסטיק קוטר 3/4,0,560.01,יח,20,חוזרת (מזח) דגם RP-500 פלסטיק קוטר 3/4,1,,,0,9/19/2019
000000000002010164,שסתום לחץ אוויר 3/4,1,231.28,יחידה,21,שסתום לחץ אוויר 3/4,23,,,,
000000000002011192,מעצור לדלת,35,10.53,יח,2,מעצור לדלת,1,,,,
000000000002011257,ידית אלומיניום לדלת,29,17.9,זוג,2,ידית אלומיניום לדלת,1,,,,
000000000002012802,ברז מטבח  ברבור נשלף,1,395,יחידה,26,ברז מטבח  ברבור נשלף,1,,,,
000000000002013014,סיפון בגודל 1.25 צול לכיור,8,44.61,יח,19,סיפון בגודל 1.25 צול לכיור,23,,,,
000000000002013063,משאבה ידנית לשאיבת נוזלים,0,57.69,יח,19,משאבה ידנית לשאיבת נוזלים,1,,,2,9/19/2019
000000000002013269,צינור מרירון 20 ממ ( לפי מטר ),85,2.71,מטר,18,"צינור מרירון 20 מ""מ ( לפי מטר )",1,,,108,9/19/2019
000000000002013282,תעלה לבנה עשויה פי.וי.סי. + מכסה 30*25,149,5.75,מטר,18,תעלה לבנה עשויה פי.וי.סי. + מכסה 30*25,1,,,136,9/19/2019
000000000002013293,תעלה 120X60 מחיר למטר מחולקת,36,38.35,מטר,18,תעלה 120X60 מחיר למטר מחולקת,1,,,42,9/19/2019
000000000002013735,כבל חשמל נחושת NYY או XLPE בגודל 2.5*3.,300,5.25,מטר,18,כבל חשמל נחושת NYY או XLPE בגודל 2.5*3,22,,,100,9/19/2019
000000000002013740,כבל חשמל נחושת NYY או XLPE בגודל 1.5*4.,100,4.48,מטר,18,כבל חשמל נחושת NYY או XLPE בגודל 1.5*4,22,,,300,9/19/2019
000000000002013750,כבל חשמל נחושת NYY או XLPE בגודל 2.5*5.,581,8.08,מטר,18,כבל חשמל נחושת NYY או XLPE בגודל 2.5*5.,22,,,300,9/19/2019
000000000002013834,כבל פנדל לבן פלסטי 1.5*3.,252,3.53,מטר,18,כבל פנדל לבן פלסטי 1.5*3.,22,,,219,9/19/2019
000000000002013835,כבל פנדל לבן פלסטי 2.5*3.,45,4.8,מטר,18,כבל פנדל לבן פלסטי 2.5*3.,22,,,195,9/19/2019
000000000002013839,כבל פנדל  5X2.5,100,9.59,מטר,18,כבל פנדל  5X2.5,22,,,54,9/19/2019
000000000002013921,לולאת תליה לכבל ת.א.מ עד 70 ממ - 25 מ,4,44.51,יח,18,לולאת תליה לכבל ת.א.מ עד 70 ממ - 25 מ,30,,,150,9/19/2019
000000000002013955,לוח חשמל+ חלון 4 מקומות,10,30.44,יחידה,18,לוח חשמל+ חלון 4 מקומות,22,,,,
000000000002014162,ממסר פחת 40*2 אמפר רגישות 30 מ  א תוצרת,11,165.92,יח,17,ממסר פחת 40*2 אמפר רגישות 30 מ  א תוצרת,22,,,8,9/19/2019
000000000002014171,ממסר פחת  63*4 אמפר רגישות 30 מ  א תוצר,1,350.83,יח,17,ממסר פחת  63*4 אמפר רגישות 30 מ  א תוצר,22,,,3,9/19/2019
000000000002014177,ממסר פחת 40*4 אמפר ברגישות 30 מ  א דגם,9,183.58,יח,17,ממסר פחת 40*4 אמפר ברגישות 30 מ  א דגם,22,,,6,9/19/2019
000000000002014188,מגען חד פאזי להרכבה על פס 1*20 220 אמפר,5,52.18,יח,17,מגען חד פאזי להרכבה על פס 1*20 220 אמפר,22,,,,
000000000002014194,מגען תלת קוטבי 400/230 וולט 7.5 כ  ס עם,3,166.37,יח,17,מגען תלת קוטבי 400/230 וולט 7.5 כ  ס עם,22,,,10,9/19/2019
000000000002014657,גוף תאורה לד 20W באורך 60 סמ,0,59.46,יח,18,גוף תאורה לד 20W באורך 60 סמ,1,,,,
000000000002014779,גוף תאורה הצפה לד 200W,8,138.7,יח,18,גוף תאורה הצפה לד 200W,22,,,,
000000000002014780,גוף תאורה הצפה 100W,17,80.83,יחידה,18,גוף תאורה הצפה 100W,22,,,,
000000000002015415,מעבר לגמיש    3/4,150,3.44,יח,19,מעבר לגמיש    3/4,23,,,16,9/19/2019
000000000002015438,שקע N2,4,15.4,יח,17,שקע N2,1,,,21,9/19/2019
000000000002015488,נורה פלורסנט 18 וואט.,0,4.72,יח,18,נורה פלורסנט 18 וואט.,1,,,0,9/19/2019
000000000002015489,נורה פלורסנט 36 W,50,4.72,יח,17,נורה פלורסנט 36 W,1,,,108,9/19/2019
000000000002015517,נורה ליבון לבנה.,3,21.66,יח,18,נורה ליבון לבנה.,1,,,11,9/19/2019
000000000002015788,מאמ  ת 63*3 א'  עם הגנה מגנטית והגנה תר,4,219.96,יח,17,מאמ  ת 63*3 א'  עם הגנה מגנטית והגנה תר,22,,,4,9/19/2019
000000000002017716,מקטין לחץ בקוטר   3/4 -  1/2 עשוי פליז,4,98.32,יח,21,מקטין לחץ בקוטר   3/4 -  1/2 עשוי פליז,23,,,2,9/19/2019
000000000002017934,תיק עזרה ראשונה מורחב,5,382.91,יח,6,תיק עזרה ראשונה מורחב,1,,,,
000000000002018048,פרלייט-212,11,70.02,יח,25,פרלייט-212,1,,,5,9/19/2019
000000000002021614,משאבת מיים (משאבה טבולה 3/4),0,464.2,יחידה,1,משאבת מיים (משאבה טבולה 3/4),1,,,,
000000000002021643,"מופה מתכת 2""",2,20.55,יח,21,"מופה מתכת 2""",23,,,0,9/19/2019
000000000002022416,גוף תאורה פס אמריקאי לד  (T8),4,60.03,יח,25,גוף תאורה פס אמריקאי לד  (T8),22,,,11,9/19/2019
000000000002022440,דיבל פרפר לקיר גבס,0,12.87,10,17,דיבל פרפר לקיר גבס,30,,,,
000000000002022460,אלקטרודות זיקה 2.5 ממ,1,145.69,יח,19,אלקטרודות זיקה 2.5 ממ,30,,,5,9/19/2019
000000000002023044,כבל 3*1.5 XLPE ירוק,955,3.4,יח,18,כבל 3*1.5 XLPE ירוק,22,,,275,9/19/2019
000000000002023055,צינור ספיראלי,10,56.99,יח,10,צינור ספיראלי,1,,,3,9/19/2019
000000000002023151,מרסס קטן שפריצר,50,4.33,יח,10,מרסס קטן שפריצר,31,,,71,9/19/2019
000000000002023246,גוף תאורה מוגן מים   לד,34,78.43,יח,25,גוף תאורה מוגן מים   לד,22,,,8,9/19/2019
000000000002023264,מסור קשת,4,29.36,יח,2,מסור קשת,30,,,0,9/19/2019
000000000002023265,שפכטל נירוסטה 2,0,13.47,יח,25,שפכטל נירוסטה 2,1,,,18,9/19/2019
000000000002023320,שמן למנוע 2T (2 פעימות לתערובת),7,40.07,לטר,19,שמן למנוע 2T (2 פעימות לתערובת),1,,,3,9/19/2019
000000000002023322,שמן מנוע 10W40 חצי סינטטי ,5,81.72,לטר,19,שמן מנוע 10W40 חצי סינטטי ,1,,,4,9/19/2019
000000000002023341,מיכל עודפים למדפסות סמסונג/אפסון,14,66.8,יח,14,מיכל עודפים למדפסות סמסונג/אפסון,19,,,8,9/19/2019
000000000002023780,מגב לחלונות,110,4.8,יח,25,מגב לחלונות,1,,,16,9/19/2019
000000000002023798,מטאטא כביש,14,12.39,יח,25,מטאטא כביש,30,,,,
000000000002023823,מפצל רב כח עם כבל 4/6,33,18.71,יח,17,מפצל רב כח עם כבל 4/6,22,,,15,9/19/2019
000000000002023837,מקלטר,7,76.7,יח,10,מקלטר,31,,,0,9/19/2019
000000000002023898,ערכת אטימה - חבקי מתכת,13,10.54,יח,19,ערכת אטימה - חבקי מתכת,1,,,13,9/19/2019
000000000002023911,קופסת חיבורים ניסקו,166,3.3,יח,17,קופסת חיבורים ניסקו,1,,,73,9/19/2019
000000000002023954,דיסק קשיח פנימי SSD 1TB,0,460.2,יח,15,דיסק קשיח פנימי SSD 1TB,27,,,1,9/19/2019
000000000002024152,מסכה כירורגית-להכניס הזמנה בכפולות של 50,4298,0.19,יח,11,מסכה כירורגית-להכניס הזמנה בכפולות של 50,1,,,,
000000000002024158,סט מקדחים,20,16.52,סט,1,סט מקדחים,1,,,,
000000000002024221,צינור עיוור 16 דרג 4מחיר למטר (50 במארז),1180,1.06,מטר,25,צינור עיוור 16 דרג 4מחיר למטר (50 במארז),1,,,1000,9/19/2019
000000000002024261,כונן גיבוי חיצוני 2T,10,416.54,יח,15,כונן גיבוי חיצוני 2T,27,,,22,9/19/2019
000000000002024336,מפתח שבדי 6,10,34.36,יח,25,מפתח שבדי 6,30,,,1,9/19/2019
000000000002024337,מפתח שבדי 8,4,50.99,יח,25,מפתח שבדי 8,30,,,3,9/19/2019
000000000002024338,מפתח שבדי 10,3,68.39,יח,25,מפתח שבדי 10,30,,,2,9/19/2019
000000000002024339,מפתח שבדי 12,0,86.8,יח,25,מפתח שבדי 12,30,,,2,9/19/2019
000000000002024373,טונר צבעוני למדפסת סמסונג,48,107.09,יח,14,טונר צבעוני למדפסת סמסונג,19,,,64,9/19/2019
000000000002024374,טונר  שחור למדפסות סמסונג/גסטטנר/LEXMARK,31,152.38,יח,14,טונר  שחור למדפסות סמסונג/גסטטנר/LEXMARK,19,,,37,9/19/2019
000000000002024376,טונר למדפסת EPSON  579-R - מחיר ליחידה!,12,427.37,יח,14,טונר למדפסת EPSON  579-R - מחיר ליחידה!,27,,,,
000000000002024389,אלחוזר 1/4 ממתכת למים,14,45.75,יח,21,אלחוזר 1/4 ממתכת למים,23,,,13,9/19/2019
000000000002024453,צבע  פוליאור,9,69.6,יח,2,צבע  פוליאור,1,,,3,9/19/2019
000000000002024489,משקפי מגן לכימיקלים,10,28.32,יח,9,משקפי מגן לכימיקלים,1,,,40,9/19/2019
000000000002024520,צינור 25 דרג 4 (המחיר לפי מטר),250,1.95,מטר,25,צינור 25 דרג 4 (המחיר לפי מטר),1,,,300,9/19/2019
000000000002024627,מצבר 12 V,3,70.21,יח,18,מצבר 12 V,1,,,9,9/19/2019
000000000002024634,ראונדאפ 1 ליטר,0,65.63,יח,23,ראונדאפ 1 ליטר,1,,,0,9/19/2019
000000000002024638,בסטה,0,190.28,יח,0,בסטה,29,,,11,9/19/2019
000000000002024732,גוף תאורה פנל לד 60X60 40,40,58.41,יח,25,גוף תאורה פנל לד 60X60 40,22,,,5,9/19/2019
000000000002024786,גוף תאורה עגול 18 מעל הטיח,11,49.6,יח,18,"גוף תאורה עגול 18"" מעל הטיח",22,,,,
000000000002024847,מרסס  5 ליטר,8,52.84,יח,10,מרסס  5 ליטר,31,,,11,9/19/2019
000000000002024848,נוזל נקיון לאסלה,104,7.33,יח,25,נוזל נקיון לאסלה,1,,,335,9/19/2019
000000000002024849,פח אשפה עם מכסה - 76 ליטר,1,44.06,יח,25,פח אשפה עם מכסה - 76 ליטר,1,,,4,9/19/2019
000000000002024854,גל אלכוהול,64,10.5,יח,1,גל אלכוהול,24,,,8,9/19/2019
000000000002024855,צינור גן 1/2,3,61.59,יח,10,צינור גן 1/2,1,,,10,9/19/2019
000000000002024856,צינור גומי לגז,0,8.07,מטר,8,צינור גומי לגז,1,,,0,9/19/2019
000000000002024859,"טי מתכת ""2",10,34.99,יח,21,"טי מתכת ""2",23,,,0,9/19/2019
000000000002024868,רדיד אלומיניום גדול,24,31.27,יח,8,רדיד אלומיניום גדול,1,,,49,9/19/2019
000000000002024870,שקית נייר גודל בינוני 2-16 (ארוז 1000),0,88.59,חב,25,שקית נייר גודל בינוני 2-16 (ארוז 1000),1,,,37,9/19/2019
000000000002024871,שקית נייר גודל   16 עד 20 לציין גדלים,0,79.12,יח,25,שקית נייר גודל   16 עד 20 לציין גדלים,1,,,19,9/19/2019
000000000002024873,בקר השקייה + ברז גלקון D-7001 4/3,4,269.76,יח,19,בקר השקייה + ברז גלקון D-7001 4/3,23,,,1,9/19/2019
000000000002024874,מחשב השקייה 4CA גלקון+ שנאי,2,523.95,יח,19,מחשב השקייה 4CA גלקון+ שנאי,31,,,1,9/19/2019
000000000002024875,מיכל פלסטי 5 ליטר עם ברז,0,72.54,יח,25,מיכל פלסטי 5 ליטר עם ברז,24,,,1,9/19/2019
000000000002024876,שקית ניילון   1.20x0.80,246,2.46,יח,10,שקית ניילון   1.20x0.80,1,,,1731,9/19/2019
000000000002024877,מגבת נייר איירפלקס-לשימוש המחסן בלבד,0,15.01,יח,25,מגבת נייר איירפלקס-לשימוש המחסן בלבד,21,,,0,9/19/2019
000000000002024878,מקל אלומיניום לאביזרי גינה (וולף),5,66.38,יח,21,מקל אלומיניום לאביזרי גינה (וולף),31,,,22,9/19/2019
000000000002024880,קנקן פלסטיק 0.5-1 ליטר,7,12.98,יח,7,קנקן פלסטיק 0.5-1 ליטר,24,,,17,9/19/2019
000000000002024881,כד מדידה פלסטיק 2-5 ליטר,17,42.13,יח,7,כד מדידה פלסטיק 2-5 ליטר,24,,,10,9/19/2019
000000000002024882,קיסמי שיניים - עטוף1/1000,81,8.19,יח,1,קיסמי שיניים - עטוף1/1000,1,,,12,9/19/2019
000000000002024883,תויות פלסטיק לסימון D,1305,2.08,יח,11,תויות פלסטיק לסימון D,1,,,1958,9/19/2019
000000000002024885,"מפתח צינורות ""10",4,66.03,יח,25,"מפתח צינורות ""10",30,,,5,9/19/2019
000000000002024886,אקדח התזה,9,25.2,יח,10,אקדח התזה,23,,,40,9/19/2019
000000000002024887,"דבק מגע 1 ק""ג",0,32.76,יח,1,"דבק מגע 1 ק""ג",19,,,1,9/19/2019
000000000002024888,טי דורה 1,37,13.39,יח,20,"טי דורה 1""",23,,,5,9/19/2019
000000000002024889,רקורד פלסטיק,35,4.84,יח,20,רקורד פלסטיק,1,,,46,9/19/2019
000000000002024891,מצע שתילה/תערובת גן/שק אדמה,37,32.9,יח,25,מצע שתילה/תערובת גן/שק אדמה,1,,,4,9/19/2019
000000000002024901,צינור גמיש לברז ניל/ניאגרה,4,12.78,יח,21,צינור גמיש לברז ניל/ניאגרה,1,,,19,9/19/2019
000000000002024902,ידית לברז,0,24.57,יח,19,ידית לברז,1,,,1,9/19/2019
000000000002024904,מכסה לגביע פלסטיק 250/500/  1קג,5976,0.21,יח,16,מכסה לגביע פלסטיק 250/500/  1קג,1,,,,
000000000002024905,ממסר ליתרת זר,7,152.44,יח,17,ממסר ליתרת זר,22,,,7,9/19/2019
000000000002024906,שלות,672,0.48,יח,18,שלות,1,,,230,9/19/2019
000000000002024907,"מא""מת חד פאזי",81,21.61,יח,17,"מא""מת חד פאזי",22,,,84,9/19/2019
000000000002024908,"מא""מת תלת פאזי",37,108.69,יח,17,"מא""מת תלת פאזי",22,,,29,9/19/2019
000000000002024909,מופה PVC,140,2.48,יח,19,מופה PVC,23,,,199,9/19/2019
000000000002024910,מופה מתכת,33,3.6,יח,21,מופה מתכת,23,,,68,9/19/2019
000000000002024911,צינורית 5 ממ (מחיר למטר),420,0.63,יח,20,"צינורית 5 מ""מ (מחיר למטר)",1,,,2030,9/19/2019
000000000002024912,שולה מגנטים,6,27.68,יח,11,שולה מגנטים,1,,,12,9/19/2019
000000000002024913,"תויות פלסטיק לסימון A , B",4405,0.83,יח,11,"תויות פלסטיק לסימון A , B",1,,,824,9/19/2019
000000000002024914,מיכל פלסטי 25 ליטר עם ברז,0,76.05,יח,25,מיכל פלסטי 25 ליטר עם ברז,24,,,1,9/19/2019
000000000002024915,צינור טפטוף,1285,1.23,יח,25,צינור טפטוף,1,,,1200,9/19/2019
000000000002024916,מחבר פלסטיק 16/16 16 3/4 פ 16 3/4 ח,185,4.73,יח,20,מחבר פלסטיק 16/16 16 3/4 פ 16 3/4 ח,23,,,625,9/19/2019
000000000002024917,מחבר 40-40,1,48.66,יח,20,מחבר 40-40,23,,,5,9/19/2019
000000000002024918,מחבר שן,333,0.64,יח,21,מחבר שן,23,,,1169,9/19/2019
000000000002024919,זוית שן,815,0.75,יח,21,זוית שן,23,,,359,9/19/2019
000000000002024920,מחבר  פלסאון תיקון  50X50,0,73,יח,20,מחבר  פלסאון תיקון  50X50,23,,,1,9/19/2019
000000000002024921,טי אס פי 1/2,21,17.14,יח,19,טי אס פי 1/2,23,,,29,9/19/2019
000000000002024922,סופית לצינור השקייה 16/20,267,0.66,יח,21,סופית לצינור השקייה 16/20,1,,,876,9/19/2019
000000000002024923,ברז חשמלי DC,24,97.79,יח,19,ברז חשמלי DC,23,,,9,9/19/2019
000000000002024924,טפטפת 1ליטר-8 ליטר,4159,0.83,יח,20,טפטפת 1ליטר-8 ליטר,23,,,1524,9/19/2019
000000000002024925,תויות קרטון/פלסטיק,0,3.92,יח,11,תויות קרטון/פלסטיק,1,,,146,9/19/2019
000000000002024926,תויות פלסטיק לסימון H,27,50.54,יח,11,תויות פלסטיק לסימון H,1,,,0,9/19/2019
000000000002024927,תויות פלסטיק לסימון C,2740,0.59,יח,11,תויות פלסטיק לסימון C,1,,,3963,9/19/2019
000000000002024928,תויות שילוט למפתח,390,0.47,יח,19,תויות שילוט למפתח,1,,,24,9/19/2019
000000000002024930,מקטפה לירקות,0,54.71,יח,25,מקטפה לירקות,31,,,37,9/19/2019
000000000002024931,פילטר סביבון 0.22/0.45,19,3.55,יח,6,פילטר סביבון 0.22/0.45,1,,,789,9/19/2019
000000000002024932,משאבת אויר,0,71.96,יח,1,משאבת אויר,1,,,8,9/19/2019
000000000002024933,מנקב חורים לטפטפת,0,6.69,יח,20,מנקב חורים לטפטפת,23,,,14,9/19/2019
000000000002024936,"דורסבן גרגרי 5 ק""ג",0,274.95,יח,23,"דורסבן גרגרי 5 ק""ג",29,,,6,9/19/2019
000000000002024937,דזיקטול נוזלי,0,80,יח,23,דזיקטול נוזלי,29,,,0,9/19/2019
000000000002024938,חומר הדברה בסטון 5 ל,0,188.56,יח,25,חומר הדברה בסטון 5 ל,1,,,,
000000000002024939,חומר הדברה דוקטלון 1 ליטר,0,95,יח,23,חומר הדברה דוקטלון 1 ליטר,29,,,0,9/19/2019
000000000002024940,ורמקוליט,1,93.05,יח,25,ורמקוליט,28,,,6,9/19/2019
000000000002024941,טומהוק,0,105.3,יח,23,טומהוק,29,,,1,9/19/2019
000000000002024942,אביזרים לצינורית טפטוף,7310,0.34,יח,20,אביזרים לצינורית טפטוף,23,,,11734,9/19/2019
000000000002024943,טיפים 0-10 UL,61,35.19,חב,6,טיפים 0-10 UL,24,,,1,9/19/2019
000000000002024944,סקווסטרן,5,62.4,יח,23,סקווסטרן,1,,,0,9/19/2019
000000000002024945,חומר הדברה קודקוד 1 ליטר,0,73.29,יח,23,חומר הדברה קודקוד 1 ליטר,29,,,0,9/19/2019
000000000002024947,גופרת אמון,0,74.26,יח,25,גופרת אמון,28,,,3,9/19/2019
000000000002024948,דשן נוזלי,55,30.5,יח,23,דשן נוזלי,28,,,42,9/19/2019
000000000002024960,מתזים לדשא - מרחקים שונים,22,9.82,יח,20,מתזים לדשא - מרחקים שונים,1,,,26,9/19/2019
000000000002025083,SODIUM CITRATE,0,177.3,יח,3,SODIUM CITRATE,26,,,4,9/19/2019
000000000002025154,"TRIZMA(R) BASE, PRIMARY STANDARD   T150",0,198.9,יח,3,"TRIZMA(R) BASE, PRIMARY STANDARD   T150",26,,,0,9/19/2019
000000000002025310,"POTASSIUM CHLORIDE, ACS REAGENT  P3911",0,61.36,יח,3,"POTASSIUM CHLORIDE, ACS REAGENT  P3911",26,,,1,9/19/2019
000000000002025400,MURASHIGE AND SKOOG M02222-050,4,210.7,יח,3,MURASHIGE AND SKOOG M02222-050,26,,,,
000000000002025530,D-(+)-GLUCOSE,2,174.64,יח,3,D-(+)-GLUCOSE,26,,,,
000000000002025531,GLYCEROL  G7757,14,64.06,יח,24,GLYCEROL  G7757,26,,,16,9/19/2019
000000000002025708,CALCIUM CHLORIDE DIHYDRATE,0,232.81,יח,3,CALCIUM CHLORIDE DIHYDRATE,26,,,0,9/19/2019
000000000002025728,CITRIC ACID  C0759,0,0,יח,0,CITRIC ACID  C0759,26,,,0,9/19/2019
000000000002025804,AMMONIUM SULFATE,5,127.09,יח,3,AMMONIUM SULFATE,26,,,3,9/19/2019
000000000002025836,AMMONIUM CHLORIDE,1,309.13,יח,3,AMMONIUM CHLORIDE,26,,,1,9/19/2019
000000000002025881,Ammonium Acetate powder,0,325.72,יח,3,Ammonium Acetate powder,26,,,2,9/19/2019
000000000002026118,"POTASSIUM HYDROXIDE, PELLETS   221473",0,115.86,יח,3,"POTASSIUM HYDROXIDE, PELLETS   221473",26,,,6,9/19/2019
000000000002026262,מאוורר עמוד 16,6,174.79,יח,21,מאוורר עמוד 16,1,,,5,9/19/2019
000000000002026271,מגרפת דשא,11,90.15,יח,10,מגרפת דשא,30,,,6,9/19/2019
000000000002026277,מספרי גדר חי,3,51.75,יח,10,מספרי גדר חי,30,,,1,9/19/2019
000000000002026278,מזמרת ענפים,3,119.84,יח,10,מזמרת ענפים,31,,,5,9/19/2019
000000000002026295,טינר 21,13,23.91,יח,24,טינר 21,1,,,21,9/19/2019
000000000002026309,תעלה 60*25 חצויה תוצרת פלגל לבן,2,44.45,יח,18,תעלה 60*25 חצויה תוצרת פלגל לבן,1,,,7,9/19/2019
000000000002026333,טי מגולון 3/4,66,6.6,מר,21,טי מגולון 3/4,23,,,52,9/19/2019
000000000002026390,קופסא פלסטיק - 8,59,19,יח,25,קופסא פלסטיק - 8,1,,,81,9/19/2019
000000000002026391,קופסא פלסטיק - 10,0,22.89,יח,25,קופסא פלסטיק - 10,1,,,61,9/19/2019
000000000002026392,דלי פלסטיק 10 ליטר,539,3.52,יח,25,דלי פלסטיק 10 ליטר,31,,,315,9/19/2019
000000000002026393,דלי פלסטיק 25 ליטר,75,16,יח,25,דלי פלסטיק 25 ליטר,31,,,33,9/19/2019
000000000002026394,מתקן לנייר תעשייתי,1,69.64,יח,1,מתקן לנייר תעשייתי,1,,,10,9/19/2019
000000000002026395,קצף פוליאריטן,14,35.22,יח,2,קצף פוליאריטן,1,,,9,9/19/2019
000000000002026396,אלקטרודות זיקה 3.25 ממ,9,117.73,יח,19,אלקטרודות זיקה 3.25 ממ,30,,,4,9/19/2019
000000000002026397,זווית פלסטיק 1/2 - 1,36,4.37,יח,19,זווית פלסטיק 1/2 - 1,23,,,124,9/19/2019
000000000002026399,זווית אס פי 1/2 - 1,7,17.34,יח,19,זווית אס פי 1/2 - 1,23,,,36,9/19/2019
000000000002026400,זווית דורה,41,12.48,יח,20,זווית דורה,23,,,25,9/19/2019
000000000002026401,זווית 3/4 - 16,124,7.07,יח,20,זווית 3/4 - 16,23,,,140,9/19/2019
000000000002026402,זווית פלסטיק 25-25,70,7.34,יח,20,זווית פלסטיק 25-25,23,,,144,9/19/2019
000000000002026403,זווית פלסטיק 20-20,149,6.24,יח,20,זווית פלסטיק 20-20,23,,,172,9/19/2019
000000000002026404,זווית פלסטיק 32-32,61,20.78,יח,20,זווית פלסטיק 32-32,23,,,5,9/19/2019
000000000002026405,קופלונג 1/2 או 3/4,5,34.47,יח,21,קופלונג 1/2 או 3/4,1,,,7,9/19/2019
000000000002026406,קופלונג 1/1.5/2,8,62.73,יח,21,קופלונג 1/1.5/2,1,,,9,9/19/2019
000000000002026407,רקורד PVC 3/4,8,17.71,יח,20,רקורד PVC 3/4,1,,,19,9/19/2019
000000000002026408,ברז שלוחה 16/20,58,5.01,יח,21,ברז שלוחה 16/20,23,,,139,9/19/2019
000000000002026409,ברז מעבר 1,17,25.44,יח,21,ברז מעבר 1,23,,,7,9/19/2019
000000000002026410,ברז מעבר 1/2 או 3/4,63,18.99,יח,21,ברז מעבר 1/2 או 3/4,23,,,47,9/19/2019
000000000002026411,ברז גן פלסטיק 1/2,16,22.03,יח,21,ברז גן פלסטיק 1/2,23,,,5,9/19/2019
000000000002026412,ברז גן 1/2 או 3/4,26,29.02,יח,21,ברז גן 1/2 או 3/4,23,,,31,9/19/2019
000000000002026413,ברז ניל יחיד 1/2-3/8,20,23.84,יח,19,ברז ניל יחיד 1/2-3/8,23,,,49,9/19/2019
000000000002026414,ברז ניל כפול,12,49.35,יח,19,ברז ניל כפול,23,,,7,9/19/2019
000000000002026415,ברז מעבר פלסטיק 3/4,22,5.87,יח,21,ברז מעבר פלסטיק 3/4,23,,,20,9/19/2019
000000000002026416,ברז PVC 3/4,20,10.44,יח,21,ברז PVC 3/4,23,,,27,9/19/2019
000000000002026417,ברז מעבר צול וחצי או שני צול,3,257.59,יח,21,ברז מעבר צול וחצי או שני צול,23,,,5,9/19/2019
000000000002026420,מפסק זרם יחיד מתחת לטיח,2,10.08,יח,17,מפסק זרם יחיד מתחת לטיח,22,,,24,9/19/2019
000000000002026421,מפסק זרם מוגן על טיח,27,12.67,יח,17,מפסק זרם מוגן על טיח,22,,,6,9/19/2019
000000000002026422,מפסק זרם כפול מתחת לטיח,12,10.31,יח,17,מפסק זרם כפול מתחת לטיח,22,,,4,9/19/2019
000000000002026423,מפסק זרם כפול מעל הטיח,4,16.6,יח,17,מפסק זרם כפול מעל הטיח,22,,,16,9/19/2019
000000000002026424,מפסק מוגן לדוד,5,62.48,יח,17,מפסק מוגן לדוד,22,,,3,9/19/2019
000000000002026425,נורה פלורסנט 15 וואט.,0,6.33,יח,18,נורה פלורסנט 15 וואט.,1,,,3,9/19/2019
000000000002026426,נורה EL,16,6.24,יח,18,נורה EL,1,,,130,9/19/2019
000000000002026427,שקע מוגן מיים 2N,22,20.49,יח,17,שקע מוגן מיים 2N,1,,,9,9/19/2019
000000000002026428,שקע מוגן מיים 3N,6,41.94,יח,17,שקע מוגן מיים 3N,1,,,6,9/19/2019
000000000002026429,שקע N1 מוגן,4,12.42,יח,17,שקע N1 מוגן,1,,,20,9/19/2019
000000000002026430,שקע בריטי למזגן,28,14.11,יח,17,שקע בריטי למזגן,1,,,12,9/19/2019
000000000002026431,שקע יחיד מתחת לטיח,7,4.56,יח,17,שקע יחיד מתחת לטיח,1,,,47,9/19/2019
000000000002026432,שקע סקון 16A,24,23.04,יח,17,שקע סקון 16A,1,,,10,9/19/2019
000000000002026433,תקע סקון 16A,23,12.1,יח,17,תקע סקון 16A,1,,,19,9/19/2019
000000000002026434,ספריי מגולוון,16,19.21,יח,1,ספריי מגולוון,1,,,18,9/19/2019
000000000002026435,כבל מאריך חשמלי 10 מ,0,41.89,יח,17,כבל מאריך חשמלי 10 מ',22,,,6,9/19/2019
000000000002026436,בקבוק מעבדה זכוכית 500 מ  ל,97,16.52,יח,11,בקבוק מעבדה זכוכית 500 מ  ל,24,,,0,9/19/2019
000000000002026437,בקבוק מעבדה זכוכית 1000 מ  ל,9,20.91,יח,11,בקבוק מעבדה זכוכית 1000 מ  ל,24,,,0,9/19/2019
000000000002026438,בקבוק מעבדה זכוכית 250 מ  ל,24,17.11,יח,11,בקבוק מעבדה זכוכית 250 מ  ל,24,,,34,9/19/2019
000000000002026439,בקבוק מעבדה זכוכית 100 מ  ל,141,12.52,יח,11,בקבוק מעבדה זכוכית 100 מ  ל,24,,,359,9/19/2019
000000000002026441,בקבוק שטיפה פלסטי 500 מ  ל,16,8.72,יח,5,בקבוק שטיפה פלסטי 500 מ  ל,24,,,14,9/19/2019
000000000002026442,בקבוק שטיפה פלסטי 1000 מ  ל,27,14.36,יח,5,בקבוק שטיפה פלסטי 1000 מ  ל,24,,,20,9/19/2019
000000000002026443,מיכל פלסטיק 5 ליטר,0,4.6,יח,25,מיכל פלסטיק 5 ליטר,24,,,16,9/19/2019
000000000002026444,בקבוק ארלנמייר 500 מ  ל,24,14.16,יח,4,בקבוק ארלנמייר 500 מ  ל,24,,,30,9/19/2019
000000000002026445,בקבוק ארלנמייר 1 ליטר,0,22.08,יח,4,בקבוק ארלנמייר 1 ליטר,24,,,16,9/19/2019
000000000002026446,כוס כימית 1 ליטר פירקס,51,18.11,יח,8,כוס כימית 1 ליטר פירקס,24,,,11,9/19/2019
000000000002026447,כוס כימית פלסטי 100 מ  ל,23,3.51,יח,7,כוס כימית פלסטי 100 מ  ל,24,,,28,9/19/2019
000000000002026448,כוס כימית פלסטי 250 מ  ל,49,5.83,יח,7,כוס כימית פלסטי 250 מ  ל,24,,,23,9/19/2019
000000000002026449,כוס כימית פלסטי 500 מ  ל,1,8.19,יח,7,כוס כימית פלסטי 500 מ  ל,24,,,16,9/19/2019
000000000002026457,מד חום עד 50 מעלות,9,14.28,יח,15,מד חום עד 50 מעלות,24,,,19,9/19/2019
000000000002026458,מד חום עד 110 מעלות,10,11.7,יח,15,מד חום עד 110 מעלות,24,,,3,9/19/2019
000000000002026459,מד חום עד 200 מעלות,6,39.45,יח,15,מד חום עד 200 מעלות,24,,,0,9/19/2019
000000000002026460,מגש עציצים,215,3.72,יח,25,מגש עציצים,31,,,74,9/19/2019
000000000002026461,"משורה פיירקס 10 מ""ל",32,11.78,יח,7,"משורה פיירקס 10 מ""ל",1,,,44,9/19/2019
000000000002026462,משורה פיירקס 25 מ  ל,32,20.53,יח,7,משורה פיירקס 25 מ  ל,1,,,26,9/19/2019
000000000002026463,משורה פיירקס 50 מ  ל,11,8.77,יח,7,משורה פיירקס 50 מ  ל,1,,,16,9/19/2019
000000000002026464,משורה פיירקס 100 מ  ל,14,29.12,יח,7,משורה פיירקס 100 מ  ל,1,,,22,9/19/2019
000000000002026465,משורה פיירקס 250 מ  ל,20,22.28,יח,7,משורה פיירקס 250 מ  ל,1,,,9,9/19/2019
000000000002026466,משורה פיירקס 500 מ  ל,20,27.29,יח,7,משורה פיירקס 500 מ  ל,1,,,18,9/19/2019
000000000002026467,משורה פיירקס 1 ליטר,13,64.31,יח,7,משורה פיירקס 1 ליטר,1,,,6,9/19/2019
000000000002026468,משורה פלסטיק 25 מ  ל,44,9.33,יח,7,משורה פלסטיק 25 מ  ל,1,,,17,9/19/2019
000000000002026469,משורה פלסטיק 50 מ  ל,8,16.58,יח,7,משורה פלסטיק 50 מ  ל,1,,,14,9/19/2019
000000000002026470,משורה פלסטיק 100 מ  ל,40,11.46,יח,7,משורה פלסטיק 100 מ  ל,1,,,24,9/19/2019
000000000002026471,משורה פלסטיק 250 מ  ל,17,19.87,יח,7,משורה פלסטיק 250 מ  ל,1,,,4,9/19/2019
000000000002026472,משורה פלסטיק 500 מ  ל,11,25.78,יח,7,משורה פלסטיק 500 מ  ל,1,,,20,9/19/2019
000000000002026473,משורה פלסטיק 1 ליטר,8,41.28,יח,7,משורה פלסטיק 1 ליטר,1,,,16,9/19/2019
000000000002026474,מזלף פלסטי להשקיה,13,23.3,יח,10,מזלף פלסטי להשקיה,31,,,2,9/19/2019
000000000002026476,משאבת דשן מתכוננת,6,1051.44,יח,1,משאבת דשן מתכוננת,1,,,1,9/19/2019
000000000002026477,צינור עיוור 20 (לפי מטר בודד),90,1.77,חבילה,25,צינור עיוור 20 (לפי מטר בודד),1,,,125,9/19/2019
000000000002026478,ניפל מתכת 2,7,27.49,יח,21,ניפל מתכת 2,1,,,19,9/19/2019
000000000002026479,ניפל מתכת 1/2 - 1 צול,75,4.51,יח,21,ניפל מתכת 1/2 - 1 צול,1,,,78,9/19/2019
000000000002026480,ניפל אס פי,8,12.08,יח,19,ניפל אס פי,1,,,26,9/19/2019
000000000002026481,ניפל  פלסטיק   1/2 ; 3/4 ; 1,293,2.17,יח,19,"ניפל  פלסטיק   1/2 ; 3/4 ; ""1",1,,,209,9/19/2019
000000000002026482,ספטולה כפית,78,15.89,יח,15,ספטולה כפית,1,,,32,9/19/2019
000000000002026483,ספטולה  קעורה,7,11.78,יח,15,ספטולה  קעורה,1,,,25,9/19/2019
000000000002026484,פינצטה ישרה,34,6.84,יחידה,11,פינצטה ישרה,26,,,34,9/19/2019
000000000002026485,פינצטה כפופה,38,10.06,יח,15,פינצטה כפופה,1,,,0,9/19/2019
000000000002026486,פינצטה אנטומית,0,8.19,יח,15,פינצטה אנטומית,1,,,0,9/19/2019
000000000002026488,טי  להשקייה 16.16.16 -16-3.4-16 פ.ח,74,8,יח,20,טי  להשקייה 16.16.16 -16-3.4-16 פ.ח,23,,,169,9/19/2019
000000000002026489,טיפים עם פילטר 10 מ  ל,47,147.38,חב,5,טיפים עם פילטר 10 מ  ל,24,,,5,9/19/2019
000000000002026490,טיפים עם פילטר 200 מל,6,154.58,חב,5,טיפים עם פילטר 200 מל,24,,,6,9/19/2019
000000000002026491,טיפים עם פילטר 1000 מל,11,157.36,חב,5,טיפים עם פילטר 1000 מל,24,,,6,9/19/2019
000000000002026492,מחבר 32-32,14,18.1,יח,20,מחבר 32-32,23,,,17,9/19/2019
000000000002026493,טי שן,1509,0.67,יח,21,טי שן,23,,,2073,9/19/2019
000000000002026494,דורסבן גרגרי 1 ק  ג,0,73.49,יח,23,דורסבן גרגרי 1 ק  ג,29,,,0,9/19/2019
000000000002026495,טי PVC 1/2 -3/4,42,5.19,יח,19,טי PVC 1/2 -3/4,23,,,38,9/19/2019
000000000002026496,חוט חשמל 1.5,0,0.76,מטר,18,חוט חשמל 1.5,1,,,,
000000000002026498,מבחנות אפנדורף  1.5 מל (500יח),35,25.47,יח,5,מבחנות אפנדורף  1.5 מל (500יח),24,,,47,9/19/2019
000000000002026499,מבחנות אפנדורף 2 מל (500יח),45,28.54,יח,5,מבחנות אפנדורף 2 מל (500יח),24,,,39,9/19/2019
000000000002026500,מבחנות זכוכית 1/2 דרם,0,253.19,יח,5,מבחנות זכוכית 1/2 דרם,24,,,26,9/19/2019
000000000002026501,מבחנות זכוכית 2 דרם,0,0,יח,5,מבחנות זכוכית 2 דרם,24,,,0,9/19/2019
000000000002026502,מבחנות זכוכית 3 דרם,0,230.81,יח,5,מבחנות זכוכית 3 דרם,24,,,1,9/19/2019
000000000002026503,מבחנות זכוכית 6 דרם,0,276.45,יח,5,מבחנות זכוכית 6 דרם,24,,,5,9/19/2019
000000000002026504,מבחנות זכוכית 1 דרם - 5 מל,0,84.24,יח,5,"מבחנות זכוכית 1 דרם - 5 מ""ל",24,,,1,9/19/2019
000000000002026841,חוט לחרמש,5,26.43,יח,10,חוט לחרמש,30,,,0,9/19/2019
000000000002026842,ערכת תיקון פנצר,0,58.5,יח,8,ערכת תיקון פנצר,1,,,5,9/19/2019
000000000002026843,משחת גיזום,0,68.79,יח,10,משחת גיזום,31,,,,
000000000002026845,מעבר מים מ-1/2 ל 3/4,27,4.53,יח,21,מעבר מים מ-1/2 ל 3/4,23,,,28,9/19/2019
000000000002026846,"מעבר מים מ 1/2 ל 1""",17,8.55,יח,21,"מעבר מים מ 1/2 ל 1""",23,,,4,9/19/2019
000000000002026847,סוללה 3.6 V ליטיום,0,18.02,יחידה,13,סוללה 3.6 V ליטיום,1,,,,
000000000002026908,נורה לד 23W ליבון,5,14.75,יח,18,נורה לד 23W ליבון,22,,,,
000000000002026927,מסור מתקפל,6,103.95,יח,25,מסור מתקפל,30,,,6,9/19/2019
000000000002026928,להב למסור,3,74.65,יח,25,להב למסור,30,,,7,9/19/2019
000000000002026929,שקית ניילון עם פס סגר 7X10,149,8.77,חב,9,שקית ניילון עם פס סגר 7X10,1,,,26,9/19/2019
000000000002026935,סוללה A23 12V,0,2.82,יח,13,סוללה A23 12V,1,,,20,9/19/2019
000000000002026940,סיליקון סופר 7,25,29.55,יח,2,סיליקון סופר 7,1,,,23,9/19/2019
000000000002026941,נרתיק למזמרה,4,35.4,יח,10,נרתיק למזמרה,1,,,4,9/19/2019
000000000002026942,מגש לרולר,0,22.23,יח,2,מגש לרולר,30,,,13,9/19/2019
000000000002026943,סיפון גמיש,20,12.61,יח,19,סיפון גמיש,1,,,16,9/19/2019
000000000002026946,פקק/מעבר דורה,141,7.43,יח,20,פקק/מעבר דורה,1,,,68,9/19/2019
000000000002026947,סולונואיד DC,0,78,יח,20,סולונואיד DC,1,,,0,9/19/2019
000000000002026948,סולונואיד AC,0,42.58,יח,20,סולונואיד AC,1,,,0,9/19/2019
000000000002026949,פקק חשמל HRC,0,8.22,יח,17,פקק חשמל HRC,1,,,0,9/19/2019
000000000002026952,מבחנות זכוכית 10X75,0,38.1,יח,3,מבחנות זכוכית 10X75,24,,,1,9/19/2019
000000000002026953,"משורה פלסטיק 10 מ""ל",21,9.09,יח,7,"משורה פלסטיק 10 מ""ל",1,,,21,9/19/2019
000000000002026979,פקק פלסטיק מחצי עד 1 צול,156,1.41,יח,19,פקק פלסטיק מחצי עד 1 צול,1,,,162,9/19/2019
000000000002026980,פקק מתכת מחצי עד 1 צול,96,6.24,יח,21,פקק מתכת מחצי עד 1 צול,1,,,21,9/19/2019
000000000002026993,רולר קטן,4,20.33,יח,1,רולר קטן,30,,,,
000000000002026996,מוט טלסקופי,6,74.86,יח,21,מוט טלסקופי,30,,,0,9/19/2019
000000000002027000,שקית ניילון עם פס סגר  18X25,9,23.01,חב,9,שקית ניילון עם פס סגר  18X25,1,,,24,9/19/2019
000000000002027001,שקית ניילון עם פס סגר  35X45 ארוז 100יח,15,54.16,חב,9,שקית ניילון עם פס סגר  35X45 ארוז 100יח,1,,,17,9/19/2019
000000000002027162,DNA של  שמרים,3,762.49,יח,3,DNA של  שמרים,26,,,3,9/19/2019
000000000002027235,טרנספר שחור למדפסת SAMSUNG CLP 670ND,0,116.96,יח,14,טרנספר שחור למדפסת SAMSUNG CLP 670ND,19,,,4,9/19/2019
000000000002027245,פילטר לסינון מדיום 0.2 500 מל,0,276.14,חבילה,8,פילטר לסינון מדיום 0.2 500 מל,24,,,,
000000000002027255,נייר סינון 1 'קוטר 4.25,0,40.95,חב,9,נייר סינון 1 'קוטר 4.25,1,,,9,9/19/2019
000000000002027256,נייר סינון 1 קוטר 5.5,9,18.14,חב,9,נייר סינון 1 קוטר 5.5,1,,,9,9/19/2019
000000000002027257,נייר סינון 1 קוטר 7,13,27.24,חב,9,נייר סינון 1 קוטר 7,1,,,45,9/19/2019
000000000002027258,נייר סינון 1 קוטר 9,32,25.73,חב,9,נייר סינון 1 קוטר 9,1,,,9,9/19/2019
000000000002027272,מאריך לברז - ניל,13,16.43,יח,21,מאריך לברז - ניל,23,,,2,9/19/2019
000000000002027273,ראש-לברז נחושת,0,17.55,יח,19,ראש-לברז נחושת,1,,,0,9/19/2019
000000000002027280,נייר  שקילה (פנקס),18,31.54,יח,6,נייר  שקילה (פנקס),1,,,11,9/19/2019
000000000002027281,מקל דגימה כחול טבעת 10כדור 20 (1000יח),7,204.29,חבילה,7,מקל דגימה כחול טבעת 10כדור 20 (1000יח),26,,,,
000000000002027282,"כוס כימית פיירקס 25 מ""ל",25,3.36,יח,8,"כוס כימית פיירקס 25 מ""ל",24,,,34,9/19/2019
000000000002027283,"כוס כימית פיירקס 50 מ""ל",72,3.54,יח,8,"כוס כימית פיירקס 50 מ""ל",24,,,50,9/19/2019
000000000002027284,"כוס כימית פיירקס 100 מ""ל",88,4.11,יח,8,"כוס כימית פיירקס 100 מ""ל",24,,,65,9/19/2019
000000000002027285,כוס כימית פיירקס 250 מל,135,6.93,יח,8,"כוס כימית פיירקס 250 מ""ל",24,,,42,9/19/2019
000000000002027286,"כוס כימית פיירקס 400 מ""ל",118,9.34,יח,8,"כוס כימית פיירקס 400 מ""ל",24,,,92,9/19/2019
000000000002027287,כוס כימית פיירקס 600 מל,40,10.03,יח,8,כוס כימית פיירקס 600 מל,24,,,16,9/19/2019
000000000002027290,נייר עדשות,0,15.21,יח,6,נייר עדשות,24,,,,
000000000002027575,טונר למדפסת EPSON C5790 - מחיר ליחידה!,24,159.32,יח,14,טונר למדפסת EPSON C5790 - מחיר ליחידה!,27,,,,
000000000002027600,רצועת העברה (טרנספר) למדפסת,1,170.99,יח,14,רצועת העברה (טרנספר) למדפסת,19,,,6,9/19/2019
000000000002027650,צנצנת 50 מל,0,0.82,יחידה,25,"צנצנת 50 מ""ל",1,,,,
000000000002027930,מחזיר דלת  קפיצי לבן,4,52.65,יח,2,מחזיר דלת  קפיצי לבן,1,,,1,9/19/2019
000000000002028327,מגרזת ידנית,0,140.4,יחידה,10,מגרזת ידנית,1,,,,
000000000002028439,כפית מתכת,111,3.69,יח,14,כפית מתכת,25,,,,
000000000002028572,נוזל טייפון/גלייפוס לקוטלי עשב(5 ליטר),23,96,יח,23,נוזל טייפון/גלייפוס לקוטלי עשב(5 ליטר),29,,,11,9/19/2019
000000000002028623,מד חום דיגיטלי,21,82.01,יח,9,מד חום דיגיטלי,24,,,15,9/19/2019
000000000002028789,טרמוסטט לדוד,0,31.94,יח,17,טרמוסטט לדוד,23,,,2,9/19/2019
000000000002029102,ברז ניקל מהקיר קצר או ארוך,11,169.92,יחידה,26,ברז ניקל מהקיר קצר או ארוך,1,,,,
000000000002029103,ברז מים קרים מהקיר יחיד  קצר,0,53.24,יחידה,19,ברז מים קרים מהקיר יחיד  קצר,1,,,,
000000000002029226,צינור PVC שקוף,94,5.42,מטר,8,צינור PVC שקוף,1,,,,
000000000002029641,מחבר  50/50  רגיל לא תיקון,8,35.77,יחידה,20,מחבר  50/50  רגיל לא תיקון,23,,,,
000000000002030705,פיתיון לנמלים ותיקנים,46,45.86,יח,3,פיתיון לנמלים ותיקנים,1,,,21,9/19/2019
000000000002031264,רולטקה 30 או 50 מטר לפי בחירה,3,99.12,יחידה,26,רולטקה 30 או 50 מטר לפי בחירה,1,,,,
000000000002031580,ברז פרח ברבור פיה קצרה או ארוכה,2,294.22,יחידה,26,ברז פרח ברבור פיה קצרה או ארוכה,1,,,,
000000000002032179,צינורית 8   ממ טפטוף  ארוז30 מטר,3,48.38,חבילה,19,צינורית 8   ממ טפטוף  ארוז30 מטר,1,,,,
000000000002032180,צינורית 8   ממ  עיוור ארוז 30 מטר,1,38.35,חבילה,19,צינורית 8   ממ  עיוור ארוז 30 מטר,1,,,,
000000000002032422,טפטפת   מתפצלת  50 סמ/60 סמ,56,3.96,יח,20,טפטפת   מתפצלת  50 סמ/60 סמ,23,,,74,9/19/2019
000000000002032447,חומר הדברה גליידר,2,330.4,יח,23,חומר הדברה גליידר,29,,,0,9/19/2019
000000000002032526,כפפות ניטריל  XS/S/M/L/XL,529,9.21,חבילה,15,כפפות ניטריל  XS/S/M/L/XL,1,,,,
000000000002033244,טפלון  רחב,49,4.6,יח,19,טפלון  רחב,30,,,139,9/19/2019
000000000002033291,משפך פלסטיק קוטר 50/75/100 ממ,63,4.07,יח,7,"משפך פלסטיק קוטר 50/75/100 מ""מ",24,,,,
000000000002033330,צנצנת זכוכית  120 מל,0,1.87,יחידה,25,צנצנת זכוכית  120 מ'ל,1,,,,
000000000002033457,זוית פלסאון 3/4 25X25 פ.ח,27,21.9,יח,20,זוית פלסאון 3/4 25X25 פ.ח,23,,,,
000000000002033487,ידית כניסה לדלת אלומיניום,19,34.81,יח,2,ידית כניסה לדלת אלומיניום,1,,,,
000000000002033501,כף מכולת רחבה למילוי,2,23.68,יחידה,10,כף מכולת רחבה למילוי,1,,,,
000000000002033511,כפפות לטקס גדלים שונים,46,14.12,יח,15,כפפות לטקס גדלים שונים,1,,,,
000000000002033512,כפפות לטקס גדלים XS/S/M/L/XL,524,4.65,חבילה,15,כפפות לטקס גדלים XS/S/M/L/XL,1,,,,
000000000002033564,מחבר 20/20 20/20פ 20/20ח,198,4.85,יחידה,20,מחבר 20/20 20/20פ 20/20ח,23,,,,
000000000002033565,מחבר פלסטיק 25/25 25/25 פ 25/25 ח,101,6.34,יחידה,20,מחבר פלסטיק 25/25 25/25 פ 25/25 ח,23,,,,
000000000002033568,נקז 3/4 למיכל,0,7.73,יחידה,19,נקז 3/4 למיכל,23,,,,
000000000002033581,מכנסי דגמח גדלים שונים,7,48.57,יח,1,מכנסי דגמח גדלים שונים,32,,,,
000000000002033765,פנס איתות,0,66.61,יח,0,פנס איתות,1,,,0,9/19/2019
000000000002033823,צינור SP 16 לבן,0,9.24,מטר,25,צינור SP 16 לבן,1,,,,
000000000002034429,"שקית ניילון שקופה 98x62 ס""מ",0,0.63,יח,10,"שקית ניילון שקופה 98x62 ס""מ",1,,,0,9/19/2019
000000000002034956,מופה פלסטיק 50 לצינור ביוב,3,10.24,יחידה,21,מופה פלסטיק 50 לצינור ביוב,23,,,,
000000000002035180,כבל מאריך USB,7,29.5,יח,11,כבל מאריך USB,27,,,,
000000000002035225,כבל HDMI - אורך 5 מ,24,53.63,יח,11,כבל HDMI - אורך 5 מ,27,,,,
000000000002035261,פנס ראש לד,0,60.84,יח,11,פנס ראש לד,1,,,0,9/19/2019
000000000002035585,חומר לסתימת חורים בטיח (5 קג),2,31.86,יח,1,חומר לסתימת חורים בטיח (5 קג),1,,,,
000000000002036657,קומפוסט,0,13.5,יח,25,קומפוסט,1,,,,
000000000002041574,מנעול תפוס פנוי לדלת,7,42.91,יח,2,מנעול תפוס פנוי לדלת,1,,,,
000000000002053097,כבל DVI - ל - HDMI,7,21.24,יח,11,כבל DVI - ל - HDMI,27,,,,
000000000002053930,גוף תאורה 60X60 מעל הטיח,20,152.81,יחידה,25,גוף תאורה 60X60 מעל הטיח,22,,,,
000000000002053932,גוף תאורה עגול  18W תחת הטיח,35,38.29,יחידה,18,גוף תאורה עגול  18W תחת הטיח,22,,,,
000000000002055476,טוש להדגשה - ורוד,117,0.91,יח,13,טוש להדגשה - ורוד,19,,,230,9/19/2019
000000000002055477,טוש להדגשה - תכלת,152,1.33,יח,13,טוש להדגשה - תכלת,19,,,,
000000000002055478,טוש להדגשה - צהוב,138,1.22,יח,13,טוש להדגשה - צהוב,19,,,215,9/19/2019
000000000002055479,טוש להדגשה - ירוק,579,2.23,יח,13,טוש להדגשה - ירוק,19,,,205,9/19/2019
000000000002055490,טוש סימון לשקפים שחור ראש S,98,2,יח,15,טוש סימון לשקפים שחור ראש S,19,,,15,9/19/2019
000000000002055491,טוש סימון לשקפים שחור ראש F,503,2.37,יח,15,טוש סימון לשקפים שחור ראש F,19,,,,
000000000002055493,טוש סימון לשקפים כחול ראש F,9,2.07,יח,15,טוש סימון לשקפים כחול ראש F,1,,,236,9/19/2019
000000000002055494,טוש סימון לשקפים אדום ראש S,147,2.18,יח,15,טוש סימון לשקפים אדום ראש S,19,,,,
000000000002055500,טוש סימון לשקפים ירוק ראש S,188,1.68,יח,15,טוש סימון לשקפים ירוק ראש S,19,,,,
000000000002055501,טוש סימון עבה עמיד במים כחול,136,1.85,יח,12,טוש סימון עבה עמיד במים כחול,19,,,,
000000000002055502,טוש סימון עבה עמיד במים שחור,566,1.85,יח,12,טוש סימון עבה עמיד במים שחור,19,,,170,9/19/2019
000000000002055503,טוש סימון עבה עמיד במים אדום,190,1.88,יח,12,טוש סימון עבה עמיד במים אדום,19,,,,
000000000002055504,טוש סימון עבה עמיד במים ירוק,254,1.81,יח,12,טוש סימון עבה עמיד במים ירוק,19,,,,
000000000002055509,טוש סימון ארטליין  107 שחור,0,3.64,יח,12,טוש סימון ארטליין  107 שחור,19,,,,
000000000002055530,מחדד מתכת קטן,46,1.89,יח,13,מחדד מתכת קטן,19,,,45,9/19/2019
000000000002055532,מחדד שולחני,0,1.77,יח,12,מחדד שולחני,19,,,6,9/19/2019
000000000002055536,מכחול שטוח מס 10-16 ,0,7.21,ערכה,15,מכחול שטוח מס 10-16 ,19,,,25,9/19/2019
000000000002055543,סרגל מתכת,22,1.94,יחידה,12,סרגל מתכת,1,,,,
000000000002055544,עפרון מכני 0.5,37,2.4,יח,15,עפרון מכני 0.5,1,,,17,9/19/2019
000000000002055545,עפרון מכני 0.7,0,2.4,יח,15,עפרון מכני 0.7,1,,,30,9/19/2019
000000000002055546,עופרת לעפרון מכני 0.5 ,0,0.67,יח,15,עופרת לעפרון מכני 0.5 ,1,,,31,9/19/2019
000000000002055547,עופרת לעפרון מכני 0.7 סט 12 יחידות,66,0.67,ערכ,15,עופרת לעפרון מכני 0.7 סט 12 יחידות,1,,,30,9/19/2019
000000000002055548,עפרון צבעוני סט 24 יח,27,4.04,יח,12,עפרון צבעוני סט 24 יח,19,,,,
000000000002055612,קופסת קרטון ארכיב רגיל עם מכסה,65,4.83,יח,25,קופסת קרטון ארכיב רגיל עם מכסה,19,,,,
000000000002055629,קופסת קרטון קשיח לאחסון 9 סמ,0,3.14,יח,0,קופסת קרטון קשיח לאחסון 9 סמ,1,,,70,9/19/2019
000000000002055649,חוצץ פלסטיק פוליו 1/12 צבעוני,18,1.69,יח,13,חוצץ פלסטיק פוליו 1/12 צבעוני,19,,,,
000000000002055650,חוצץ פלסטיק פוליו 1/7 צבעוני,118,1.22,יח,13,חוצץ פלסטיק פוליו 1/7 צבעוני,19,,,,
000000000002055651,חוצץ פלסטיק פוליו א-ב מדורג,26,4.79,יח,13,חוצץ פלסטיק פוליו א-ב מדורג,19,,,,
000000000002055693,כיס למינציה 125 מיקרון A4,3,53.2,חבילה,12,כיס למינציה 125 מיקרון A4,19,,,,
000000000002055695,אקדח לדבק חם,9,26.55,יח,10,אקדח לדבק חם,1,,,15,9/19/2019
000000000002055699,גומיות דקות לטקס L18 100 גרם בקופסה,0,1.55,קפס,15,גומיות דקות לטקס L18 100 גרם בקופסה,19,,,89,9/19/2019
000000000002055701,גומיות דקות לטקס L24 100 גרם בקופסה,4,1.54,קפס,15,גומיות דקות לטקס L24 100 גרם בקופסה,19,,,99,9/19/2019
000000000002055702,גומיות דקות לטקס L26 100 גרם בקופסה,8,1.54,קפס,15,גומיות דקות לטקס L26 100 גרם בקופסה,19,,,100,9/19/2019
000000000002055703,גומיות דקות לטקס L28 100 גרם בקופסה,0,1.54,קפס,15,גומיות דקות לטקס L28 100 גרם בקופסה,19,,,100,9/19/2019
000000000002055712,גומיות רחבות לטקס W30 100 גרם בקופסה,121,1.6,חבילה,15,גומיות רחבות לטקס W30 100 גרם בקופסה,19,,,,
000000000002055719,סרט דמוי בד 50 ממ בצבע שחור,32,5.15,גליל,13,סרט דמוי בד 50 ממ בצבע שחור,1,,,5,9/19/2019
000000000002055728,סרט אריזה חום,0,1.72,יח,13,סרט אריזה חום,1,,,144,9/19/2019
000000000002055733,מסקינג טייפ עבה,166,3.37,יח,12,מסקינג טייפ עבה,19,,,,
000000000002055738,דבק סטיק,0,1.44,יח,12,דבק סטיק,19,,,,
000000000002055739,דבק סטיק,0,2.8,יחידה,12,דבק סטיק,1,,,,
000000000002055740,דבק פלסטי,3,2.34,יח,12,דבק פלסטי,19,,,20,9/19/2019
000000000002055746,מעמד שולחני לסלוטייפ עד 30 מטר,5,1.77,יח,12,מעמד שולחני לסלוטייפ עד 30 מטר,19,,,182,9/19/2019
000000000002055749,סרט אריזה PVC גבוהה,43,5.22,יח,13,סרט אריזה PVC גבוהה,1,,,,
000000000002055754,מנקב רגיל קטן עד 10 דף,12,4.51,יח,12,מנקב רגיל קטן עד 10 דף,19,,,,
000000000002055756,מנקב גדול עד 70 דף,0,29.84,יח,12,מנקב גדול עד 70 דף,19,,,,
000000000002055759,מספריים,0,1.37,יח,12,מספריים,30,,,33,9/19/2019
000000000002055763,נר דבק חם לאקדח,9,5.31,יח,10,נר דבק חם לאקדח,1,,,177,9/19/2019
000000000002055765,סכין יפנית,9,0.56,יח,12,סכין יפנית,1,,,60,9/19/2019
000000000002055769,חולץ סיכות עשוי מתכת,16,0.65,יח,12,חולץ סיכות עשוי מתכת,19,,,17,9/19/2019
000000000002055777,מהדק/אטב מס 2 ניקל,0,0.17,קפס,13,מהדק/אטב מס 2 ניקל,19,,,104,9/19/2019
000000000002055780,מהדק/אטב  מס 5 ניקל צבעוני,9,1.63,קפס,13,מהדק/אטב  מס 5 ניקל צבעוני,19,,,58,9/19/2019
000000000002055799,נעצים,0,0.55,חבילה,15,נעצים,19,,,,
000000000002055814,נייר למכונת חישוב 57 ממ (10יח),0,10.88,חבילה,15,נייר למכונת חישוב 57 ממ (10יח),1,,,,
000000000002055963,לוח שעם 60/40 מסגרת עץ,0,6.35,יח,13,לוח שעם 60/40 מסגרת עץ,19,,,5,9/19/2019
000000000002055980,קוביית נייר ממו,126,1.4,יח,13,קוביית נייר ממו,1,,,97,9/19/2019
000000000002055994,בלוק צהוב לכתיבה A4 שורה 50 דף,52,1.32,יח,12,בלוק צהוב לכתיבה A4 שורה 50 דף,19,,,,
000000000002055995,בלוק צהוב לכתיבה A4 משובץ 50 דף,392,2.06,יח,12,בלוק צהוב לכתיבה A4 משובץ 50 דף,19,,,,
000000000002056004,בלוק צהוב לכתיבה A5 משובץ 50 דף,368,1.42,יח,12,בלוק צהוב לכתיבה A5 משובץ 50 דף,19,,,,
000000000002056005,בלוק צהוב לכתיבה A5 שורה 50 דף,69,1.49,יח,12,בלוק צהוב לכתיבה A5 שורה 50 דף,19,,,40,9/19/2019
000000000002056013,דפי ממו דביק,40,7.27,יח,13,דפי ממו דביק,1,,,95,9/19/2019
000000000002056026,דפדפת  משובצת בחבילה (10חב),2,7.83,חבילה,12,דפדפת  משובצת בחבילה (10חב),1,,,,
000000000002056027,דפדפת שורה בחבילה (10חב),1,7.84,חבילה,12,דפדפת שורה בחבילה (10חב),1,,,,
000000000002056028,מחברת ספירלה A4משובץ,56,3.27,יח,13,מחברת ספירלה A4משובץ,1,,,,
000000000002056029,מחברת ספירלה 72 דף A-4 - שורה,4,3.37,יח,12,מחברת ספירלה 72 דף A-4 - שורה,19,,,98,9/19/2019
000000000002056030,מחברת ספירלה A5 משובץ,90,2.32,יח,12,מחברת ספירלה A5 משובץ,1,,,,
000000000002056045,מחברת מעבדה A5 שורה/משובץ כריכה קשה,0,8.9,יח,12,מחברת מעבדה A5 שורה/משובץ כריכה קשה,1,,,212,9/19/2019
000000000002056066,מגש שקוף מפלסטיק אקרילי 3 מגשים,0,23.66,ערכ,13,מגש שקוף מפלסטיק אקרילי 3 מגשים,19,,,22,9/19/2019
000000000002056096,מסגרת עץ לתמונות 30X24 עם זכוכית מקדמית,26,5.84,יח,13,מסגרת עץ לתמונות 30X24 עם זכוכית מקדמית,19,,,,
000000000002056104,מעמד פלסטי מרובע לנייר ממו כולל נייר,0,3.22,יח,13,מעמד פלסטי מרובע לנייר ממו כולל נייר,19,,,,
000000000002056108,מעמד שולחני מפלסטיק אקרילי שקוף,0,6.22,יח,13,מעמד שולחני מפלסטיק אקרילי שקוף,19,,,9,9/19/2019
000000000002056112,סל אשפה שובך 25 ליטר,0,18.83,יח,13,סל אשפה שובך 25 ליטר,1,,,0,9/19/2019
000000000002056124,אריזת ניילון נצמד 300מ 50סמ שקוף/כחול,0,20.59,גליל,8,אריזת ניילון נצמד 300מ 50סמ שקוף/כחול,21,,,11,9/19/2019
000000000002056125,חוט קשירה ניילון לבן 2 קג,0,25.28,חב,19,חוט קשירה ניילון לבן 2 קג,19,,,12,9/19/2019
000000000002056209,שרוך לתג,475,0.79,יחידה,13,שרוך לתג,1,,,,
000000000002056212,תג שם פלסטיק,1264,0.79,יחידה,13,תג שם פלסטיק,1,,,,
000000000002056347,לוח שדה,79,2.44,יח,12,לוח שדה,19,,,77,9/19/2019
000000000002056367,שקית ניילון שמר-דף - פוליו  או A4 (לציין,6,11.69,חבילה,12,שקית ניילון שמר-דף - פוליו  או A4 (לציין,1,,,106,9/19/2019
000000000002056432,קלסר גב 5,0,6.02,יח,14,קלסר גב 5,19,,,,
000000000002056435,קלסר גב 8 קרטון,121,5.8,יחידה,14,קלסר גב 8 קרטון,19,,,,
000000000002056460,קלסר פוליו גב 3 סמ 27/35 סמ אדום,28,3.53,יח,14,קלסר פוליו גב 3 סמ 27/35 סמ אדום,19,,,,
000000000002056468,קלסר פוליו גב 3 סמ 27/35 סמ כחול,17,1.16,יח,14,קלסר פוליו גב 3 סמ 27/35 סמ כחול,1,,,156,9/19/2019
000000000002056629,תה ויסוצקי (100 יח),54,18.47,חבילה,14,תה ויסוצקי (100 יח),25,,,,
000000000002056630,נס קפה עלית 200 גר,1,21.02,יח,14,נס קפה עלית 200 גר,25,,,,
000000000002056656,כפית בוחשן (1000 יח)-חבילה,14,18.9,חב,14,כפית בוחשן (1000 יח)-חבילה,33,,,,
000000000002057328,לחצן מתקפל 51 ממ שחור מחיר לבודד,10,15.22,יח,13,לחצן מתקפל 51 ממ שחור מחיר לבודד,19,,,,
000000000002057785,מחיצת פרספקס נמוכה,30,194.99,יח,25,מחיצת פרספקס נמוכה,1,,,,
000000000002058299,כבל HDMI - VGA,7,41.15,יח,11,כבל HDMI - VGA,27,,,,
000000000002058798,טונר שחור PK-1012 ל-TR.AD P4026,14,52.09,יח,14,טונר שחור PK-1012 ל-TR.AD P4026,27,,,,
000000000002059916,טונר למדפסת ברדר TN910BK שחור,13,205.32,יחידה,14,טונר למדפסת ברדר TN910BK שחור,19,,,,
000000000002059917,טונר למדפסת ברדר TN910C  כחול,15,320.67,יחידה,14,טונר למדפסת ברדר TN910C  כחול,19,,,,
000000000002059918,טונר למדפסת ברדר  TN910M אדום,15,320.67,יחידה,14,טונר למדפסת ברדר  TN910M אדום,19,,,,
000000000002059919,טונר למדפסת ברדר   TN910Y צהוב,15,320.67,יחידה,14,טונר למדפסת ברדר   TN910Y צהוב,19,,,,
000000000002060549,סוללות AA / AAA ארוז רבעיות לציין איזה,167,5.86,חבילה,13,סוללות AA / AAA ארוז רבעיות לציין איזה,19,,,,
000000000002060775,משאבת מיים (משאבה טבולה 3/4),0,472,יחידה,1,משאבת מיים (משאבה טבולה 3/4),1,,,,
000000000002060795,חלוק כותנה לבן שרוול ארוך כותנה מלאה,6,37.62,יחידה,9,חלוק כותנה לבן שרוול ארוך כותנה מלאה,32,,,,
000000000002061068,דבק דו צדדי 3M,18,15.38,יח,13,דבק דו צדדי 3M,19,,,,
000000000002061107,מדבקות לבנות 32 דפים  20X75,134,2.19,חבילה,13,מדבקות לבנות 32 דפים  20X75,19,,,,
000000000002061460,מיכל 25 ליטר+פקק,0,26.93,יחידה,25,מיכל 25 ליטר+פקק,1,,,,
000000000002065014,שקית אורגנזה (20X30) באריזה 30  יח,25,35.4,חבילה,9,שקית אורגנזה (20X30) באריזה 30  יח,1,,,,
000000000002065595,דבק מהיר (3 שניות) בשפורפרת,100,3.3,יח,1,דבק מהיר (3 שניות) בשפורפרת,19,,,,
000000000002065596,מסקינג טייפ צר,258,2.19,יח,12,מסקינג טייפ צר,19,,,,
000000000002065603,דבק מגע בשפורפרת 50 ג,139,3.16,יח,1,דבק מגע בשפורפרת 50 ג',19,,,,
000000000002065620,סט טושים ללוח מחיק,19,15.65,יח,12,סט טושים ללוח מחיק,19,,,,
000000000002065698,מחשבון מדעי CASIO,13,27.59,יח,13,מחשבון מדעי CASIO,19,,,,
000000000002065700,מחשבון שולחני CASIO,9,29.29,יח,13,מחשבון שולחני CASIO,19,,,,
000000000002065762,סיכות לשדכן 26/6 ,50,1.15,חבילה,15,סיכות לשדכן 26/6 ,19,,,,
000000000002065786,להבים לסכין יפני (10 יח בחבילה),16,1.87,חב,12,להבים לסכין יפני (10 יח בחבילה),19,,,,
000000000002065789,סל אשפה רשת קוטר 22 סמ,33,3.65,יח,13,סל אשפה רשת קוטר 22 סמ,19,,,,
000000000002065866,עפרון (12 יח בחבילה),0,3.37,חבילה,12,עפרון (12 יח בחבילה),19,,,,
000000000002065886,משטח לעכבר חלק,34,3.72,יחגה,12,משטח לעכבר חלק,19,,,,
000000000002065889,דיסק און קיי 128GB SANDISK,112,42.77,יח,15,דיסק און קיי 128GB SANDISK,19,,,,
000000000002065913,שדכן לסיכות 26/6 עדז 24 דף,14,4.27,יח,15,שדכן לסיכות 26/6 עדז 24 דף,19,,,,
000000000002065922,שרוך תליה עם קליפס לתג שם,300,1.71,יח,13,שרוך תליה עם קליפס לתג שם,19,,,,
000000000002065948,תיק מעטפה עם סגר A4,100,0.48,יח,13,תיק מעטפה עם סגר A4,19,,,,
000000000002065999,מחברת מעבדה A4 משובץ/שורה כריכה קשה,131,14.05,יח,12,מחברת מעבדה A4 משובץ/שורה כריכה קשה,19,,,,
000000000002066063,מדבקות לבנות 32 דפים 50X80,50,2.19,חב,14,מדבקות לבנות 32 דפים 50X80,19,,,,
000000000002066131,טיפקס בסיס מים,71,1.46,יח,12,טיפקס בסיס מים,19,,,,
000000000002066135,סלוטייפ 30 מטר 19 ממ רוחב,267,0.27,יח,12,"סלוטייפ 30 מטר 19 מ""מ רוחב",19,,,,
000000000002066137,סלוטייפ חלבי (לא נראה בצילום),37,4.03,יח,13,סלוטייפ חלבי (לא נראה בצילום),19,,,,
000000000002066150,סרט דמוי בד 50 ממ בצבע לבן,63,7.79,גליל,13,סרט דמוי בד 50 ממ בצבע לבן,19,,,,
000000000002066180,קלסר פוליו פלסטיק 27/35/8 אדום,86,5.42,יח,14,קלסר פוליו פלסטיק 27/35/8 אדום,19,,,,
000000000002066181,קלסר פוליו פלסטיק 27/35/8 כחול,124,5.39,יח,14,קלסר פוליו פלסטיק 27/35/8 כחול,19,,,,
000000000006000238,שק יוטא 60X110,1767,0.9,יחידה,25,שק יוטא 60X110,1,,,,
000000000006000370,Acetonitrile HPLC,0,37.44,יח,0,Acetonitrile HPLC,26,,,0,9/19/2019
000000000006000395,Ammonium Acetate,0,225.13,יח,0,Ammonium Acetate,26,,,0,9/19/2019
000000000006000399,Ammonium Chloride,0,0,יח,0,Ammonium Chloride,26,,,0,9/19/2019
000000000006000495,Nitric Acid,0,82,יח,0,Nitric Acid,26,,,0,9/19/2019
000000000006000624,Yeast Extract,0,158.96,יח,0,Yeast Extract,26,,,0,9/19/2019
000000000006000673,כפפות בד טריקו ח.נ.,0,2.69,זוג,19,כפפות בד טריקו ח.נ.,30,,,65,9/19/2019
000000000006002072,מד-חום נתלה לטמפרטורת החדר,14,42.73,יח,9,מד-חום נתלה לטמפרטורת החדר,24,,,0,9/19/2019
000000000006002080,שקית נייר לתרופות לבנה קטנה  17 X8 סמ,72,57.82,חב,25,שקית נייר לתרופות לבנה קטנה  17 X8 סמ,1,,,8,9/19/2019
000000000006002081,גזה-(עשרה מטר),5,17.23,יח,5,גזה-(עשרה מטר),24,,,174,9/19/2019
000000000006002082,שקית פוליטילן  30X50 (חבילה בערך 1 קג),0,15.34,חב,10,שקית פוליטילן  30X50 (חבילה בערך 1 קג),1,,,131,9/19/2019
000000000006002176,מיכל 10 ליטר עם ברז,0,141.6,יח,25,מיכל 10 ליטר עם ברז,24,,,0,9/19/2019
000000000006002241,מיכל גז 190 גר,34,7.43,יח,1,מיכל גז 190 גר,24,,,11,9/19/2019
000000000006002243,מיכל פלסטיק 10 ליטר פתח צר,80,17.79,יחידה,25,מיכל פלסטיק 10 ליטר פתח צר,1,,,156,9/19/2019
000000000006002254,דלי פלסטיק 15 ליטר,29,8.99,יח,25,דלי פלסטיק 15 ליטר,31,,,46,9/19/2019
000000000006002255,מטאטא כביש (סיבי ניילון) וולף,0,88.2,יח,10,מטאטא כביש (סיבי ניילון) וולף,21,,,12,9/19/2019
000000000006002293,מגבת נייר בגליל,520,9.62,יח,25,מגבת נייר בגליל,21,,,15,9/19/2019
000000000006002301,מפתח צינורות 12,3,71.06,יח,25,מפתח צינורות 12,30,,,3,9/19/2019
000000000006002303,מכוש,1,100.47,יח,0,מכוש,30,,,6,9/19/2019
000000000006002323,פיפטה 5מל (200יח),31,98.01,חב,7,פיפטה 5מל (200יח),1,,,9,9/19/2019
000000000006002328,צלחת פטרי 60,7,349.28,חבילה,25,צלחת פטרי 60,1,,,10,9/19/2019
000000000006002329,צלחת פטרי 90,4,197.18,חבילה,25,צלחת פטרי 90,1,,,46,9/19/2019
000000000006002337,פיפטות פסטר 1000X יח,15,34.22,חב,6,פיפטות פסטר 1000X יח,1,,,16,9/19/2019
000000000006002342,מעמד למבחנות 50 מל,4,21.86,יח,6,מעמד למבחנות 50 מל,24,,,17,9/19/2019
000000000006002498,WATER ULTRA  PURE 0.500 L,12,35.4,יחידה,24,WATER ULTRA  PURE 0.500 L,24,,,,
000000000006002632,קערית  לשקילה - 88x88 ממ (250 יח),43,44.23,חב,6,קערית  לשקילה - 88x88 ממ (250 יח),1,,,26,9/19/2019
000000000006100011,משפך זכוכית קוטר 60/75/100 ממ,71,12.61,יח,7,"משפך זכוכית קוטר 60/75/100 מ""מ",24,,,126,9/19/2019
000000000006100092,בקבוק מדידה FLASK GLASS 50CC,0,23.4,יח,4,בקבוק מדידה ,24,,,12,9/19/2019
000000000006100153,צנצנת פלסטיק 220 מל או 470 מל + מכסה,520,1.75,יח,25,צנצנת פלסטיק 220 מל או 470 מל + מכסה,1,,,423,9/19/2019
000000000006100154,צנצנת פלסטיק 1000מל,184,2.24,יח,25,צנצנת פלסטיק 1000מל,1,,,66,9/19/2019
000000000006100155,צנצנת פלסטיק 2000 מל,40,2.36,יח,25,צנצנת פלסטיק 2000 מל,1,,,0,9/19/2019
000000000006100157,קיווטת פלסטיק - 1.5-3.0 ממ,9,44.07,חב,4,קיווטת פלסטיק - 1.5-3.0 ממ,1,,,25,9/19/2019
000000000006101076,מברשת ניקוי קטנה/בינונית/גדולה,99,8.99,יח,11,מברשת ניקוי קטנה/בינונית/גדולה,24,,,134,9/19/2019
000000000006101099,זכוכית נושאת Microscope Slide Box - 50X,49,16.51,חב,9,זכוכית נושאת Microscope Slide Box - 50X,24,,,105,9/19/2019
000000000006101106,מעמד למבחנות  15 מל,14,24.29,חב,6,מעמד למבחנות  15 מל,24,,,6,9/19/2019
000000000006101107,טיפים  200 מיקרוליטר,67,29.27,חב,6,טיפים  200 מיקרוליטר,24,,,31,9/19/2019
000000000006101108,מעמד  לאפנדורף 80 מקומות ארוז חמש יח,52,66.61,יח,6,מעמד  לאפנדורף 80 מקומות ארוז חמש יח,1,,,21,9/19/2019
000000000006101109,סרט סימון רוחב 7 סמ צבעים שונים,110,15.74,יח,4,סרט סימון רוחב 7 סמ צבעים שונים,1,,,44,9/19/2019
000000000006101111,"פלטות 96 מקומות- 0.2 מ""ל",0,322.92,יח,5,"פלטות 96 מקומות- 0.2 מ""ל",1,,,0,9/19/2019
000000000006101118,מבחנות זכוכית -100 יח' 12X75,0,42.41,יח,3,מבחנות זכוכית -100 יח' 12X75,24,,,8,9/19/2019
000000000006101147,בקבוק ארלנמאייר 5000 סמק,0,91.26,יח,4,"בקבוק ארלנמאייר 5000 סמ""ק",24,,,16,9/19/2019
000000000006101171,בקבוק  סנטילציה 20 מל זכוכית,33,114.82,יח,3,בקבוק  סנטילציה 20 מל זכוכית,24,,,70,9/19/2019
000000000006101183,צינור סיליקון  8/11,9,16.52,מטר,8,צינור סיליקון  8/11,1,,,0,9/19/2019
000000000006101184,צינור סיליקון  9/6,15,10.62,מטר,8,צינור סיליקון  9/6,1,,,0,9/19/2019
000000000006101185,צינור סיליקון  6/4,0,9.36,מטר,8,צינור סיליקון  6/4,1,,,45,9/19/2019
000000000006101532,בקבוקון סניטילציה 20 מל פלסטיק,0,64.35,חבילה,4,בקבוקון סניטילציה 20 מל פלסטיק,24,,,14,9/19/2019
000000000006101727,בקבוק פלסטיק 1000 מל,0,1.77,יח,25,"בקבוק פלסטיק 1000 מ""ל",24,,,87,9/19/2019
000000000006101969,"בקבוק מדידה 500 מ""ל",0,23.4,יח,4,"בקבוק מדידה 500 מ""ל",24,,,4,9/19/2019
000000000006102104,סרט אוטוקלאב,135,14.63,יח,11,סרט אוטוקלאב,1,,,236,9/19/2019
000000000006102561,ידית לסקלפל,59,8.5,יח,15,ידית לסקלפל,24,,,53,9/19/2019
000000000006102565,להב לסקלפל,51,44.56,יח,15,להב לסקלפל,24,,,29,9/19/2019
000000000006102764,SODIUM SULFATE DRY,4,108.56,יח,26,SODIUM SULFATE DRY,26,,,0,9/19/2019
000000000006102802,ACETIC ACID GLACIAL,3,46.61,יח,23,ACETIC ACID GLACIAL,26,,,18,9/19/2019
000000000006102807,ACETONE AR.,3,36.58,יח,24,ACETONE AR.,26,,,19,9/19/2019
000000000006102808,ACETONE TECH.,37,16.52,יח,24,ACETONE TECH.,26,,,9,9/19/2019
000000000006102850,AGAROSE 500 גרם,1,706.23,יחידה,3,AGAROSE 500 גרם,1,,,,
000000000006102854,AGAR - BACTO   214010,7,306.8,יח,3,AGAR - BACTO   214010,26,,,7,9/19/2019
000000000006102862,ALCOHOL (ETHANOL)  96%,18,79.06,יח,24,ALCOHOL (ETHANOL)  96%,24,,,62,9/19/2019
000000000006102866,AMMONIUM HYDROXYDE  25%,5,49.56,יח,24,AMMONIUM HYDROXYDE  25%,24,,,,
000000000006103003,CHLOROFORM AR,5,61.12,יח,24,CHLOROFORM AR,26,,,0,9/19/2019
000000000006103257,ETHANOL ABS,56,151.29,יח,24,ETHANOL ABS,26,,,42,9/19/2019
000000000006103259,ETHER (DIETHYLETHER) ANALAR,7,122.32,יח,24,ETHER (DIETHYLETHER) ANALAR,26,,,14,9/19/2019
000000000006103261,ETHIDIUM BROMIDE   10 ML,2,141.6,יח,25,ETHIDIUM BROMIDE   10 ML,26,,,14,9/19/2019
000000000006103267,ETHYL-ACETATE ANALAR,0,41.57,יח,24,ETHYL-ACETATE ANALAR,26,,,17,9/19/2019
000000000006103335,N-HEXANE  URA   n16808   4 litr.,8,47.91,יח,24,N-HEXANE  URA   n16808   4 litr.,26,,,1,9/19/2019
000000000006103402,NITRIC ACID,0,101.16,יח,23,NITRIC ACID,26,,,0,9/19/2019
000000000006103445,FORMALDEHYDE,14,61.36,יח,24,FORMALDEHYDE,26,,,0,9/19/2019
000000000006103584,METHANOL HPLC 1 LITR,0,31.86,יח,24,METHANOL HPLC 1 LITR,26,,,16,9/19/2019
000000000006103592,HEXANE    (ANALIT,0,74.34,יח,24,HEXANE    (ANALIT,26,,,8,9/19/2019
000000000006103609,HYDROCHLORIC ACID,0,58.88,יח,23,HYDROCHLORIC ACID,26,,,22,9/19/2019
000000000006103613,HYDROGEN PEROXIDE 30%,0,129.47,יח,24,HYDROGEN PEROXIDE 30%,26,,,7,9/19/2019
000000000006103628,ISO-PROPANOL,8,41.3,יח,24,ISO-PROPANOL,26,,,9,9/19/2019
000000000006103634,LB BROTH  (LENNOX I BROTH) 500gr.  7290A,2,180.54,יח,3,LB BROTH  (LENNOX I BROTH) 500gr.  7290A,26,,,0,9/19/2019
000000000006103692,Methanol AR,11,32.88,יח,24,Methanol AR,26,,,36,9/19/2019
000000000006103793,PEPTONE-BACTO   211677,0,310.98,יח,3,PEPTONE-BACTO   211677,26,,,0,9/19/2019
000000000006103921,POTASSIUM NITRITE   P 7391,2,143.29,יח,3,POTASSIUM NITRITE   P 7391,26,,,2,9/19/2019
000000000006103934,ראונדאפ 5 ליטר,0,181.35,יח,23,ראונדאפ 5 ליטר,1,,,0,9/19/2019
000000000006104007,"SODIUM ACETATE   A0686,1000",0,195.82,יח,3,"SODIUM ACETATE   A0686,1000",26,,,3,9/19/2019
000000000006104038,SODIUM HYPOCHLORI                      .,69,23.36,יח,23,SODIUM HYPOCHLORI                      .,26,,,9,9/19/2019
000000000006104074,SULPHURIC ACID A,12,68.36,יח,23,SULPHURIC ACID A,26,,,0,9/19/2019
000000000006104124,SUCROSE   S 501,16,53.62,יח,3,SUCROSE   S 501,26,,,1,9/19/2019
000000000006104199,TRYPTONE BACTO 211705,0,303.03,יח,3,TRYPTONE BACTO 211705,26,,,3,9/19/2019
000000000006104219,WATER  HPLC 2.5 L,0,86.76,ליח,24,WATER  HPLC 2.5 L,26,,,0,9/19/2019
000000000006104226,YEAST EXTRACT 212750,0,157.13,יח,3,YEAST EXTRACT 212750,26,,,0,9/19/2019
000000000006104415,SODIUM HYDROXIDE 1055881000,0,56.16,יח,3,SODIUM HYDROXIDE 1055881000,26,,,7,9/19/2019
000000000006104587,טייפון 1 ליטר,5,43.47,יח,23,טייפון 1 ליטר,29,,,0,9/19/2019
000000000006104669,ETHANOL 70% CP,84,15.34,ליטר,24,ETHANOL 70% CP,24,,,,
000000000006104776,MAGNESIUM SULFATE 63136,0,423.75,יח,3,MAGNESIUM SULFATE 63136,26,,,1,9/19/2019
000000000006104791,SODIUM CHLORIDE 71382,0,33.04,יח,3,SODIUM CHLORIDE 71382,26,,,13,9/19/2019
000000000006105532,בקבוק ארלנמייר 2 ליטר,18,44.17,יח,4,בקבוק ארלנמייר 2 ליטר,24,,,2,9/19/2019
000000000006105533,בקבוק ארלנמייר 3 ליטר,9,65.69,יח,4,בקבוק ארלנמייר 3 ליטר,24,,,3,9/19/2019
000000000006105536,כוס כימית 5 ליטר פירקס,4,92.04,יח,8,כוס כימית 5 ליטר פירקס,24,,,3,9/19/2019
000000000006105537,כוס כימית 2 ליטר פירקס,41,36.73,יח,8,כוס כימית 2 ליטר פירקס,24,,,3,9/19/2019
000000000006105538,כוס כימית 3 ליטר פירקס,6,52.65,יח,8,כוס כימית 3 ליטר פירקס,24,,,5,9/19/2019
000000000006105539,מבחנות PCR לרילטיים 0.1 מל,0,292.5,חב,5,מבחנות PCR לרילטיים 0.1 מל,24,,,16,9/19/2019
000000000006105540,מבחנות 0.2 מל PCR,4,100.3,חב,6,מבחנות 0.2 מל PCR,24,,,15,9/19/2019
000000000006105542,כוהלית אלכוהול,12,29.5,יח,8,כוהלית אלכוהול,24,,,8,9/19/2019
000000000006105543,נייר סינון 40X40,0,289.1,חב,9,נייר סינון 40X40,1,,,7,9/19/2019
000000000006105544,פיפטה פסטר זכוכית 150,3,67.26,חב,7,פיפטה פסטר זכוכית 150,1,,,10,9/19/2019
000000000006105545,פיפטה פסטר זכוכית 230,2,77.96,חב,7,פיפטה פסטר זכוכית 230,1,,,11,9/19/2019
000000000006105546,פיפטה 25 מל (בחבילה),17,172.98,חב,7,פיפטה 25 מל (בחבילה),1,,,10,9/19/2019
000000000006105547,מקל דרגלסקי,19,199.4,יח,6,מקל דרגלסקי,24,,,24,9/19/2019
000000000006105549,טפי,0,2.34,יח,6,טפי,1,,,203,9/19/2019
000000000006105550,טיפים 5 מל,12,44.84,יח,6,טיפים 5 מל,24,,,11,9/19/2019
000000000006105551,טיפים 1 מל(1000יח),18,59,חב,6,טיפים 1 מל(1000יח),24,,,3,9/19/2019
000000000006105552,מעמד למבחנות PCR (מחיר לבודד),14,29.32,יח,6,מעמד למבחנות PCR (מחיר לבודד),24,,,,
000000000006105553,AMMONIUM NITRATE,2,357.03,יח,3,AMMONIUM NITRATE,26,,,2,9/19/2019
000000000006105554,CALCIUM NITRATE,0,212.73,יח,3,CALCIUM NITRATE,26,,,5,9/19/2019
000000000006105556,AGAR AGAR POWDER,6,198.9,יח,3,AGAR AGAR POWDER,26,,,9,9/19/2019
000000000006105557,POTATO AGAR DEXTROSE,0,324.5,יח,3,POTATO AGAR DEXTROSE,26,,,0,9/19/2019
000000000006105581,גביע פלסטיק 250 מל,0,13.27,שרוול,16,גביע פלסטיק 250 מל,24,,,92,9/19/2019
000000000006105582,גביע פלסטיק  500 מל לפי יחידה,55,0.24,יח,16,גביע פלסטיק  500 מל לפי יחידה,24,,,521,9/19/2019
000000000006105602,nutrient agar powder,0,306.75,יח,3,nutrient agar powder,26,,,0,9/19/2019
000000000006105603,sodium hydroxide anhydrous  powder,0,32.76,יח,0,sodium hydroxide anhydrous  powder,26,,,0,9/19/2019
000000000006105605,sodium sulphate,0,72.34,קג,3,sodium sulphate,26,,,1,9/19/2019
000000000006105606,ACETONITRILE HPLC  IL,0,56.19,יח,24,ACETONITRILE HPLC  IL,26,,,9,9/19/2019
000000000006105607,DICHLOROMETHANE,9,37.76,יח,24,DICHLOROMETHANE,26,,,16,9/19/2019
000000000006105610,petroleum ether 40-60,0,56.64,לטר,24,petroleum ether 40-60,26,,,12,9/19/2019
000000000006105611,Tris,0,200.6,יח,0,Tris,26,,,0,9/19/2019
000000000006105612,AGAR GRANULATED  DIFCO,0,340.36,יח,3,AGAR GRANULATED  DIFCO,26,,,0,9/19/2019
000000000006105613,פיפטה  10  מל,27,93.75,חב,7,פיפטה  10  מל,1,,,39,9/19/2019
000000000006105616,מזרק  חפ-1 מל,4144,0.51,יח,9,מזרק  חפ-1 מל,24,,,1194,9/19/2019
000000000006105618,"מזרק  ח""פ-2 מ""ל",1896,0.23,יח,9,"מזרק  ח""פ-2 מ""ל",24,,,1850,9/19/2019
000000000006105619,מזרק  חפ- 5 מל,2410,0.24,יח,9,"מזרק  ח""פ- 5 מ""ל",24,,,766,9/19/2019
000000000006105620,מזרק חפ-10 מל,5060,0.41,יח,9,מזרק חפ-10 מל,24,,,4085,9/19/2019
000000000006105621,מזרק  חפ-20 מל,1660,0.76,יח,9,מזרק  חפ-20 מל,24,,,15,9/19/2019
000000000006105622,"מזרק  ח""פ-50-60 מ""ל",411,1.65,יח,9,"מזרק  ח""פ-50-60 מ""ל",24,,,632,9/19/2019
000000000006105623,בריחים שונים,6,5.1,יח,19,בריחים שונים,1,,,14,9/19/2019
000000000006105624,POTASSIUM SULPHATE POWDER,0,206.23,יח,3,POTASSIUM SULPHATE POWDER,26,,,3,9/19/2019
000000000006105625,"בקבוק פלסטיק 100 מ""ל",549,1.26,יח,25,"בקבוק פלסטיק 100 מ""ל",24,,,256,9/19/2019
000000000006105626,בקבוק פלסטיק 250 מל,129,1.53,יח,25,בקבוק פלסטיק 250 מל,24,,,105,9/19/2019
000000000006105627,"בקבוק פלסטיק 500 מ""ל",48,1.58,יח,25,"בקבוק פלסטיק 500 מ""ל",24,,,212,9/19/2019
000000000006105629,בקבוק ארלנמייר 50 מל,38,5.5,יח,4,"בקבוק ארלנמייר 50 מ""ל",24,,,53,9/19/2019
000000000006105630,בקבוק ארלנמייר 100 מל,99,8.11,יח,4,"בקבוק ארלנמייר 100 מ""ל",24,,,44,9/19/2019
000000000006105632,XYLENE  AR-P,12,59.86,יח,24,XYLENE  AR-P,26,,,0,9/19/2019
000000000006105634,מברשת צבע 2 אינץ',15,10.43,יח,2,מברשת צבע 2 אינץ',30,,,17,9/19/2019
000000000006105635,צבע סופר-לק / צבעים שונים,7,70.21,יח,2,צבע סופר-לק / צבעים שונים,1,,,6,9/19/2019
000000000006105636,"דבק פלסטי לנגרים (1 ק""ג)",1,28.08,יח,1,"דבק פלסטי לנגרים (1 ק""ג)",19,,,4,9/19/2019
000000000006105639,sodiuom chloride a,0,51.42,יח,0,sodiuom chloride a,26,,,0,9/19/2019
000000000006105641,זכוכית מכסה 18X18,46,8.91,יח,15,זכוכית,24,,,30,9/19/2019
000000000006105642,זכוכית מכסה 20X20,3,11.89,יח,15,זכוכית,24,,,1,9/19/2019
000000000006105643,זכוכית מכסה 22X22,4,15.18,יח,15,זכוכית,24,,,38,9/19/2019
000000000006105644,זכוכית מכסה 24X34,9,17.48,יח,15,זכוכית,24,,,14,9/19/2019
000000000006105646,זכוכית מכסה  24X60,14,33.31,יח,15,זכוכית מכסה  24X60,24,,,57,9/19/2019
000000000006105649,זכוכית מכסה 24X50,0,32.26,יח,15,זכוכית מכסה 24X50,24,,,43,9/19/2019
000000000006105650,שעון שבת  על שקע רגיל,35,28.91,יח,17,שעון שבת  על שקע רגיל,1,,,20,9/19/2019
000000000006105652,"בקבוק ארלנמייר 250 מ""ל",27,8.48,יח,4,"בקבוק ארלנמייר 250 מ""ל",24,,,31,9/19/2019
000000000006105654,מבחנות 50 מל (500 יח),35,199.57,יח,25,מבחנות 50 מל (500 יח),24,,,15,9/19/2019
000000000006105655,1L Water for   HPLC,2,35.52,יח,24,1L Water for   HPLC,26,,,0,9/19/2019
000000000006105657,בקבוק ארלנמייר  25 מל,0,5.15,יח,4,"בקבוק ארלנמייר  25 מ""ל",24,,,65,9/19/2019
000000000006105661,citric acid powder,0,100.85,קג,3,citric acid powder,26,,,1,9/19/2019
000000000006105673,SODIUM CHLORIDE POWDER,0,33.93,יח,3,SODIUM CHLORIDE POWDER,26,,,2,9/19/2019
000000000006105675,זכוכית מכסה 24X24,0,14.62,יח,15,זכוכית,24,,,22,9/19/2019
000000000006105676,ממחטות נייר קימוויפס (קופסה),41,16.89,יח,8,ממחטות נייר קימוויפס (קופסה),24,,,128,9/19/2019
000000000006105679,מטאטא לכורי עכביש,0,29.25,יח,25,מטאטא לכורי עכביש,21,,,6,9/19/2019
000000000006105680,ספל עם לוגו,199,15.91,יח,2,ספל עם לוגו,1,,,208,9/19/2019
000000000006105682,בקבוק שטיפה פלסטי  250 מל,11,9.05,יח,5,"בקבוק שטיפה פלסטי  250 מ""ל",24,,,5,9/19/2019
000000000006105687,כד מדידה פלסטיק  5 ליטר,2,31.06,יח,7,כד מדידה פלסטיק  5 ליטר,24,,,3,9/19/2019
000000000006105688,כד מדידה פלסטיק  3 ליטר,5,29.64,יח,7,כד מדידה פלסטיק  3 ליטר,24,,,1,9/19/2019
000000000006105689,שקיות גופיה קטן (חבילה),250,5.85,יח,10,שקיות גופיה קטן (חבילה),1,,,160,9/19/2019
000000000006105690,שקיות גופיה גדול (חבילה),289,8.13,יח,10,שקיות גופיה גדול (חבילה),1,,,16,9/19/2019
000000000006105692,TRIS,0,259.6,יח,4,TRIS,26,,,0,9/19/2019
000000000006105701,כפפות ניילון חד פעמי(חב),0,2.29,חב,3,כפפות ניילון חד פעמי(חב),24,,,53,9/19/2019
000000000006105702,דבק  מוצק בגליל,12,33.02,יח,2,דבק  מוצק בגליל,19,,,16,9/19/2019
000000000006105703,כפפות גומי (לנקיון),113,2.31,חב,3,כפפות גומי (לנקיון),21,,,54,9/19/2019
000000000006105704,שקיות ניילון  מרשרש (30X40),34,15.21,יח,10,שקיות ניילון  מרשרש (30X40),1,,,28,9/19/2019
000000000006105714,גוף תאורה  1.20X30 CCT,3,123.31,יחידה,25,גוף תאורה  1.20X30 CCT,22,,,0,9/19/2019
000000000006105721,רדיד אלומיניום  50 מיקרון,26,13.8,יח,8,רדיד אלומיניום  50 מיקרון,1,,,99,9/19/2019
000000000006105723,צינור סיליקון  5/8,0,10.03,מטר,8,צינור סיליקון  5/8,1,,,0,9/19/2019
000000000006105741,אוסמוקוט (דישון גרגרי),19,32.45,חב,23,אוסמוקוט (דישון גרגרי),28,,,11,9/19/2019
000000000006105751,קופסאות הקפאה 80 מקומות(במארז 5 יח),0,77.88,יח,6,קופסאות הקפאה 80 מקומות(במארז 5 יח),1,,,9,9/19/2019
000000000006105761,פוטו-צל,4,22.82,יח,17,פוטו-צל,1,,,3,9/19/2019
000000000006105762,פקקי לבקבוקי מעבדה,33,7.94,יח,11,פקקי לבקבוקי מעבדה,1,,,23,9/19/2019
000000000006105771,מגבונים לחים  בדלי(400יח),33,16.52,יחידה,25,מגבונים לחים  בדלי(400יח),1,,,,
000000000006105773,ACETONITRILE HPLC 2L,7,130.98,יח,24,ACETONITRILE HPLC 2L,26,,,0,9/19/2019
000000000006105782,גליל ניילון (יריעה),10,112.1,יח,16,גליל ניילון (יריעה),1,,,9,9/19/2019
000000000006105791,שרשרת למשור גיזום,0,85.68,יח,1,שרשרת למשור גיזום,1,,,2,9/19/2019
000000000006105801,מיכל גז + שסתום  460 גרם,8,31.39,יח,1,מיכל גז + שסתום  460 גרם,24,,,14,9/19/2019
000000000006105811,מחבר  תיקון 32-32,13,26.89,יח,20,מחבר  תיקון 32-32,23,,,12,9/19/2019
000000000006107421,לוחיות דבק צהובות (10 יח בחבילה בודדת),59,9.9,יח,3,לוחיות דבק צהובות (10 יח' בחבילה בודדת),19,,,34,9/19/2019
000000000006107431,מבחנות- 15 מל (500יח),16,179.53,יח,25,מבחנות- 15 מל (500יח),24,,,23,9/19/2019
000000000006107491,טוש על בסיס שמן - שחור/לבן,0,8.21,יח,15,טוש על בסיס שמן - שחור/לבן,19,,,52,9/19/2019
000000000006107531,ממטירון,27,5.13,יח,19,ממטירון,1,,,12,9/19/2019
000000000006107541,חומר הדברה גרלון,0,538.2,יח,23,חומר הדברה גרלון,29,,,0,9/19/2019
000000000006107582,טיפים עם פילטר   20 מל,4,152.22,חב,5,טיפים עם פילטר   20 מל,24,,,2,9/19/2019
000000000006107592,נורה פלורוסנט    TF 14W,0,11.7,יח,18,נורה פלורוסנט    TF 14W,1,,,5,9/19/2019
000000000006107631,מזמרת ענפים וולף,0,327.6,יחדה,10,מזמרת ענפים וולף,1,,,,
000000000006107661,קיט להפקת RNA,0,684.4,חב,3,קיט להפקת RNA,1,,,1,9/19/2019
000000000006107862,חלוק חד פעמי,106,3.32,יח,1,חלוק חד פעמי,31,,,,
000000000006108018,כוס שתן 120 מל כולל מכסה הברגה (250יח),1,177,חבילה,7,כוס שתן 120 מל כולל מכסה הברגה (250יח),24,,,,
000000000006108269,פסטה -רעל עכברים,10,57.55,יח,23,פסטה -רעל עכברים,1,,,8,9/19/2019
000000000006108289,מיכל 3 ליטר עם ידית להשמדת מחטים,175,5.9,יחידה,7,מיכל 3 ליטר עם ידית להשמדת מחטים,24,,,,
000000000006108512,מאוורר למעבד,0,42.91,יח,11,מאוורר למעבד,27,,,0,9/19/2019
000000000006108513,ניילון נצמד רוחב 45 סמ,52,31.05,יח,8,ניילון נצמד רוחב 45 סמ,1,,,66,9/19/2019
000000000006109241,שקי יוטא,1519,1.56,יח,25,שקי יוטא,1,,,700,9/19/2019
000000000006109251,דקר   מתכת לממטיר,12,7.32,יח,19,דקר   מתכת לממטיר,23,,,25,9/19/2019
000000000006109252,צנצנת   500  מל זכוכית,6,3.54,יח,25,"צנצנת   500  מ""ל זכוכית",1,,,93,9/19/2019
000000000006109261,דשן שפר 7-3-7 במיכל 10 ליטר,7,77.88,יחידה,25,דשן שפר 7-3-7 במיכל 10 ליטר,28,,,,
000000000006109264,צנצנת   וואקום זכוכית 1 ליטר,0,17.79,יח,7,צנצנת   וואקום זכוכית 1 ליטר,1,,,101,9/19/2019
000000000006109265,צנצנת   2  ליטר  זכוכית,0,31.59,יח,7,צנצנת   2  ליטר  זכוכית,1,,,0,9/19/2019
000000000006109281,סדיניות 60X90 לפי יח (15 במארז),120,2.06,יח,11,סדיניות 60X90 לפי יח (15 במארז),1,,,19,9/19/2019
000000000006109291,שקיות ביוהזארד 60X90,0,153.4,חב,10,שקיות ביוהזארד 60X90,1,,,0,9/19/2019
000000000006109312,טיפים עם פילטר   100 מל,2,152.22,חב,5,טיפים עם פילטר   100 מל,24,,,3,9/19/2019
000000000006109366,ניפל  פלסטיק צול וחצי-שני צול,15,7.29,יח,19,ניפל  פלסטיק צול וחצי-שני צול,1,,,14,9/19/2019
000000000006109561,ברז מעבר 1    PVC,0,17.72,יח,21,ברז מעבר 1    PVC,23,,,14,9/19/2019
000000000006109588,תושבת SP,5,25.45,יח,19,תושבת ,1,,,7,9/19/2019
000000000006109589,תושבת SP  כפול,0,22.48,יח,0,תושבת כפול,1,,,0,9/19/2019
000000000006109645,מתאם  לתעלה 2 שקעים,15,6.02,יח,18,מתאם  לתעלה 2 שקעים,1,,,23,9/19/2019
000000000006109646,מתאם  לתעלה  4 שקעים,9,84.37,יח,18,מתאם  לתעלה  4 שקעים,1,,,24,9/19/2019
000000000006109671,מסעף Yשן16-16,11,3.64,יח,19,מסעף Yשן16-16,23,,,26,9/19/2019
000000000006109876,TRYPTONE,0,128.44,יח,3,TRYPTONE,26,,,0,9/19/2019
000000000006109904,מוט עם דיזה למרסס,0,5.61,יח,10,מוט עם דיזה למרסס,31,,,3,9/19/2019
000000000006109972,METHANOL HPLC 2.5 L,0,38.94,בקבוק,24,METHANOL HPLC 2.5 L,1,,,,
000000000006109997,סניור,0,134.55,יח,23,סניור,29,,,,
000000000006110054,אומגה,1,1.8,יח,19,אומגה,23,,,,
000000000006110092,חוט לתיקון תקרים,10,6.54,יח,8,חוט לתיקון תקרים,30,,,3,9/19/2019
000000000006110121,חומר הדברה  פאסטר,8,102.75,יח,23,חומר הדברה  פאסטר,29,,,0,9/19/2019
000000000006110173,מפסק פאקט,6,26.55,יח,17,מפסק פאקט,22,,,8,9/19/2019
000000000006110197,טי פלסאון  32-32-32,7,55.35,יח,20,טי פלסאון  32-32-32,23,,,10,9/19/2019
000000000006110263,מדבקות לפסולת כימית (מחיר ליחידה בודדת),10898,0.31,יח,9,מדבקות לפסולת כימית (מחיר ליחידה בודדת),24,,,12141,9/19/2019
000000000006110351,גרנולר(פתיון נמלים),13,92.05,יח,23,גרנולר(פתיון נמלים),29,,,4,9/19/2019
000000000006110361,HYDROFLURIC ACID 48%,11,58.88,יח,0,HYDROFLURIC ACID 48%,26,,,0,9/19/2019
000000000006110384,מלכודת זבובים-הטורפת הירוקה,47,19.07,יח,3,מלכודת זבובים-הטורפת הירוקה,31,,,,
000000000006110385,מלכודת זבובים חד פעמי,0,35.57,יח,3,מלכודת זבובים חד פעמי,1,,,0,9/19/2019
000000000006110492,קודקוד 5 ליטר,0,216.11,יח,23,קודקוד 5 ליטר,1,,,5,9/19/2019
000000000006110575,דגלונים,93,4.09,יח,13,דגלונים,19,,,385,9/19/2019
000000000006110867,מגנט 50-90,9,16.99,יח,9,מגנט 50-90,24,,,28,9/19/2019
000000000006110942,נוזל טייפון לקוטלי עשב(20 ליטר),0,234,יח,22,נוזל טייפון לקוטלי עשב(20 ליטר),1,,,0,9/19/2019
000000000006110943,רונדופז 20 ליטר,0,290.15,יח,27,רונדופז 20 ליטר,1,,,0,9/19/2019
000000000006110944,מקלון 5 ממ,850,0.29,יח,20,"מקלון 5 מ""מ",1,,,2280,9/19/2019
000000000006110955,תעלה+ מכסה 60X42,46,12.75,יח,18,תעלה+ מכסה 60X42,1,,,54,9/19/2019
000000000006110956,תעלה+ מכסה 60X42+ מחיצה,0,16.56,יח,0,תעלה+ מכסה 60X42+ מחיצה,1,,,16,9/19/2019
000000000006111128,מבחנה 0.2 סטריפים,2,235.72,יח,5,מבחנה 0.2 סטריפים,24,,,0,9/19/2019
000000000006111438,מכסה פלסטיק לפלסאון 10,8,12.74,יח,24,מכסה פלסטיק לפלסאון 10,24,,,6,9/19/2019
000000000006111527,מכסה לגביע  250(100יח),0,13.45,חב,16,מכסה לגביע  250(100יח),24,,,108,9/19/2019
000000000006111549,רוכב פלסטיק 40-3/4,29,6.93,יח,20,רוכב פלסטיק 40-3/4,23,,,,
000000000006111560,מגש  גידול לצמחים (פרופוגטור),196,25.96,יח,25,מגש  גידול לצמחים (פרופוגטור),31,,,0,9/19/2019
000000000006111571,נורות פלורוסנט לד,85,14.75,יח,18,נורות פלורוסנט לד,1,,,43,9/19/2019
000000000006111581,מכסה למגש גידול צמחים,0,36.03,יח,25,מכסה למגש גידול צמחים,31,,,2,9/19/2019
000000000006111846,אבן אויר לאקווריום,0,5.85,יח,1,אבן אויר לאקווריום,1,,,4,9/19/2019
000000000006111852,סרבל עבודה חד פעמי,0,8.96,יח,1,סרבל עבודה חד פעמי,1,,,0,9/19/2019
000000000006111901,מופה פלסטיק 2 צול,7,12.42,יח,21,מופה פלסטיק 2 צול,23,,,,
000000000006111921,סוללה למכשירים LR-44,94,1.04,יח,13,סוללה למכשירים LR-44,1,,,92,9/19/2019
000000000006111922,סוללה  למכשירים 2032,85,3.39,יח,13,סוללה  למכשירים 2032,1,,,10,9/19/2019
000000000006111931,סוללה C (בודד),4,6.09,חב,13,סוללה C (בודד),1,,,32,9/19/2019
000000000006111933,סוללה D (זוג),0,20.93,חב,13,סוללה D (זוג),1,,,37,9/19/2019
000000000006111941,שקית פוליטילן 50X50 אריזה אחד קג,296,15.26,חב,10,שקית פוליטילן 50X50 אריזה אחד קג,1,,,25,9/19/2019
000000000006111971,צנצנת ואקום 3 ליטר,0,26.32,יח,7,צנצנת ואקום 3 ליטר,24,,,,
000000000006111993,מחבר פלסאון 2X40,14,27.14,2,20,"מחבר פלסאון 2X40""",23,,,,
000000000006111994,מחבר פלסאון 50X2 צול,5,39.55,יח,20,מחבר פלסאון 50X2 צול,1,,,,
000000000006112021,מתזון ( 5 קג),2,178.93,יח,23,מתזון ( 5 קג),29,,,,
000000000006112031,ברזון לצינורית 5 ממ,1,1.8,יחידה,19,"ברזון לצינורית 5 מ""מ",23,,,,
000000000006112102,CHLOROFORM 1   LITER,0,40.32,יח,24,CHLOROFORM 1   LITER,26,,,23,9/19/2019
000000000006112151,קסטה לחרמש,3,165.2,יח,10,קסטה לחרמש,1,,,1,9/19/2019
000000000006112153,ETHYL ACETATE 2.5 L,0,32.76,יח,24,ETHYL ACETATE,26,,,5,9/19/2019
000000000006112211,מחבר פלסאון 25,17,19.11,יח,20,מחבר פלסאון 25,23,,,32,9/19/2019
000000000006112242,אקדח לקצף פוליאריטן,0,174.33,יח,2,אקדח לקצף פוליאריטן,30,,,3,9/19/2019
000000000006112261,גביע פלסטיק שקוף 1 קג,2620,0.44,יח,16,גביע פלסטיק שקוף 1 קג,33,,,,
000000000006112262,מכסה לגביע 1 קג + 1/2 קג,0,0.27,יח,16,מכסה לגביע 1 קג + 1/2 קג,1,,,,
000000000006112322,מיכל פלסטיק 1 ליטר/2 ליטר + מכסה,547,1.47,יח,25,מיכל פלסטיק 1 ליטר/2 ליטר + מכסה,1,,,,
000000000006112631,דשן 20-20-20+מיקרו (2קג),15,30.33,יח,25,דשן 20-20-20+מיקרו (2קג),29,,,,
000000000006112683,שקית נייר לזרעים(ארוז 1000),0,182.9,חבילה,25,שקית נייר לזרעים(ארוז 1000),1,,,,
000000000006112753,מעמד למבחנות קוביה/מלבני,0,17.55,יח,6,מעמד למבחנות קוביה/מלבני,24,,,,
000000000006112761,חומר הדברה אדמירל 1 ליטר,3,88.2,ליטר,23,חומר הדברה אדמירל 1 ליטר,29,,,,
000000000006112771,כבל לאל פסק תקע קומקום לשני שקעים,11,27.68,יח,11,כבל לאל פסק תקע קומקום לשני שקעים,27,,,,
000000000006112782,אם תותב 1/2-16 SP,4,14.73,יח,19,אם תותב 1/2-16 SP,23,,,,
000000000006112783,בושינג 1/2 SP,7,17.55,יח,19,בושינג 1/2 SP,1,,,,
000000000006112872,ספסן 5 קג,1,118.9,יח,23,ספסן 5 קג,28,,,,
000000000006113161,ספוג לרולר קטן,15,5.26,יח,1,ספוג לרולר קטן,30,,,,
000000000006113171,אקדח התזה פשוט,36,8.5,יחידה,10,אקדח התזה פשוט,1,,,,
000000000006113174,גלגלת לצינור אוטומטית 20 מטר,4,205.18,יח,10,גלגלת לצינור אוטומטית 20 מטר,1,,,,
000000000006113176,מתקן  לנייר צץ רץ,5,56.16,יח,1,מתקן  לנייר צץ רץ,21,,,,
000000000006113223,סט אטמים למדשנת,0,49.99,יחידה,21,סט אטמים למדשנת,1,,,,
000000000006113226,נורה ליבון לד,16,11.46,יח,18,נורה ליבון לד,22,,,,
000000000006113262,ספריי נירוסטה 3M,2,26.19,יחידה,25,ספריי נירוסטה 3M,21,,,,
000000000006113301,ממטיר מערפל,16,20.71,יחידה,20,ממטיר מערפל,1,,,,
000000000006113321,כבל  באורך DP-VGA  1.8 ,9,23.57,יח,11,כבל  באורך DP-VGA  1.8 ,27,,,,
000000000006113322,כבל באורך  DP-HDMI 1.8/3.0,6,37.76,יח,11,כבל באורך  DP-HDMI 1.8/3.0,27,,,,
000000000006113383,צינור שרשורי  PG 16  חבילה (30 מטר),12,79.89,חבילה,18,צינור שרשורי  PG 16  חבילה (30 מטר),1,,,,
000000000006113391,PLANT AGAR 1 KILO,2,648.18,יחדה,3,PLANT AGAR 1 KILO,1,,,,
000000000006113411,טרמוסטט KP77,7,257.21,יח,18,טרמוסטט KP77,22,,,,
000000000006113551,סט גלגלים לכיסא,9,52.46,יח,14,סט גלגלים לכיסא,1,,,,
000000000006113552,סט ריפוד לידית כיסא,15,32.76,יח,14,סט ריפוד לידית כיסא,1,,,,
000000000006113572,חומר הדברה פייטר (500 סמק),0,99.45,יח,23,"חומר הדברה פייטר (500 סמ""ק)",29,,,,
000000000006113591,חומר הדברה גלובוס 5 ליטר,0,338.68,יח,23,חומר הדברה גלובוס 5 ליטר,26,,,,
000000000006113649,כבל DP-DP,4,25.96,יח,11,כבל DP-DP,27,,,,
000000000006113682,שקיות אשפה שקוף 80X90 עם שרוך+ פרפורציה,0,21,חבילה,25,שקיות אשפה שקוף 80X90 עם שרוך+ פרפורציה,1,,,,
000000000006113684,נורות לקטלן 18/20W,0,21.29,יחידה,18,נורות לקטלן 18/20W,22,,,,
000000000006113708,מנקב חורים לטפטפת לצינור 16 אקדח,12,28.32,יחדה,19,מנקב חורים לטפטפת לצינור 16 אקדח,1,,,,
000000000006113710,שקע N4 מוגן,0,58.5,יחידה,17,שקע N4 מוגן,1,,,,
000000000006113875,משפך אבקות PP קוטר 80 ממ,21,12.68,יח,7,"משפך אבקות PP קוטר 80 מ""מ",24,,,,
000000000006113991,תוית סימון C - עשר יח,473,4.72,חבילה,11,תוית סימון C - עשר יח,1,,,,
000000000006113992,מנעול לשון צר לדלת חממה,7,27.56,יח,2,מנעול לשון צר לדלת חממה,1,,,,
000000000006114024,שקית נייר מס 60,0,132.35,חבילה,25,שקית נייר מס 60,1,,,,
000000000006114065,טלסטאר/דיזידור (קוטל נמלים גרגרי),10,42,יחידה,23,טלסטאר/דיזידור (קוטל נמלים גרגרי),29,,,,
000000000006114258,לבנולה 18 ליטר,0,479.7,מיכל,23,לבנולה 18 ליטר,1,,,,
000000000006114259,שקיות פס סגר 25X35 ארוז 100יח,33,38.8,חבילה,9,שקיות פס סגר 25X35 ארוז 100יח,1,,,,
000000000006114274,עציץ 9X9X10 (15 יחידות במגש),0,3.72,יח,25,עציץ 9X9X10 (15 יחידות במגש),31,,,,
000000000006114282,טרמוסטט    RT-16L,0,1316.75,יח,18,טרמוסטט    RT-16L,22,,,,
000000000006114283,רשת משתנה,20,5.73,יחידה,22,רשת משתנה,1,,,,
000000000006114291,פשטן בצמה 200 גרם,0,16.38,חבילה,21,פשטן בצמה 200 גרם,23,,,,
000000000006114303,טי להשקייה 25-25-25 אפור,26,10.2,יחידה,20,טי להשקייה 25-25-25 אפור,23,,,,
000000000006114322,ברז פרח פיה ארוכה עם ידית מרפק,0,360.06,יח,26,ברז פרח פיה ארוכה עם ידית מרפק,23,,,,
000000000006114361,גומיה לפעמון,25,6.9,יחידה,19,גומיה לפעמון,1,,,,
000000000006114975,שוהם 1 ליטר חומר הדברה,0,131.04,יחידה,23,שוהם 1 ליטר חומר הדברה,29,,,,
000000000006114981,מסנן לפילטר מים,0,8.8,יח,10,מסנן לפילטר מים,1,,,,
000000000006115002,מקלות במבוק בבודדים,0,0.66,יחידה,25,מקלות במבוק בבודדים,1,,,,
000000000006115003,שקית נייר חום  11/18.5 סמ + חלון (יח),2350,0.3,יחידה,25,שקית נייר חום  11/18.5 סמ + חלון (יח),1,,,,
000000000006115483,שקיות פס סגר 6X4 (100יח),3,4.68,חבילה,9,שקיות פס סגר 6X4 (100יח),1,,,,
000000000006115522,גלייפוס חומר בדברה למניעת עשבים 5 ליטר,0,88.5,גלון,23,גלייפוס חומר בדברה למניעת עשבים 5 ליטר,29,,,,
000000000006115613,טי להשקייה 20/20/20     20-3/4-20 פ .ח,131,8.11,יחידה,20,טי להשקייה 20/20/20     20-3/4-20 פ .ח,23,,,,
